Accession,n_Methods,Methods,PMIDs
GSE165961,2,Crespo & Del Sol; Mogrify (Rackham et al),23873656; 26780608
GSE214951,2,Crespo & Del Sol; Unknown_23428641,23428641; 23873656
GSE279498,2,Crespo & Del Sol; Unknown_28,23873656; 28
GSE298471,2,Crespo & Del Sol; Unknown_1,1; 23873656
GSE298487,2,Crespo & Del Sol; Unknown_1,1; 23873656
GSE305370,2,Crespo & Del Sol; Unknown_2022,2022; 23873656
GSE305979,2,Crespo & Del Sol; Unknown_2022,2022; 23873656
GSE306429,2,Crespo & Del Sol; Unknown_2022,2022; 23873656
GSE10898,1,Crespo & Del Sol,23873656
GSE118389,1,Mogrify (Rackham et al),26780608
GSE123814,1,Crespo & Del Sol,23873656
GSE125449,1,Crespo & Del Sol,23873656
GSE132044,1,Mogrify (Rackham et al),26780608
GSE139324,1,Crespo & Del Sol,23873656
GSE145298,1,Crespo & Del Sol,23873656
GSE14897,1,Unknown_2015,2015
GSE151091,1,Mogrify (Rackham et al),26780608
GSE156728,1,Crespo & Del Sol,23873656
GSE162908,1,Unknown_1000,1000
GSE162909,1,Unknown_1000,1000
GSE17316,1,Unknown_3,3
GSE181785,1,Crespo & Del Sol,23873656
GSE199565,1,Crespo & Del Sol,23873656
GSE22292,1,Unknown_2021,2021
GSE237623,1,Crespo & Del Sol,23873656
GSE237624,1,Crespo & Del Sol,23873656
GSE237625,1,Crespo & Del Sol,23873656
GSE237626,1,Crespo & Del Sol,23873656
GSE240822,1,Crespo & Del Sol,23873656
GSE27174,1,Unknown_2021,2021
GSE283167,1,Crespo & Del Sol,23873656
GSE62155,1,Unknown_3,3
GSE64264,1,Crespo & Del Sol,23873656
GSE65136,1,Unknown_2015,2015
GSE7307,1,Unknown_2015,2015
GSE77953,1,Unknown_2,2
GSE96760,1,Crespo & Del Sol,23873656
GSE98638,1,Crespo & Del Sol,23873656
GSE98894,1,Crespo & Del Sol,23873656
GSE99254,1,Crespo & Del Sol,23873656
PRJNA768891,1,Crespo & Del Sol,23873656
SRP102077,1,Crespo & Del Sol,23873656
SRP107025,1,Crespo & Del Sol,23873656
SRP249509,1,Crespo & Del Sol,23873656
SRP304237,1,Crespo & Del Sol,23873656
SRP401346,1,Crespo & Del Sol,23873656
SRP456658,1,Crespo & Del Sol,23873656
SRP456659,1,Crespo & Del Sol,23873656
SRP456660,1,Crespo & Del Sol,23873656
SRP548405,1,Crespo & Del Sol,23873656
SRR11087308,1,Crespo & Del Sol,23873656
SRR13608900,1,Crespo & Del Sol,23873656
SRR13608901,1,Crespo & Del Sol,23873656
SRR13608902,1,Crespo & Del Sol,23873656
SRR13608903,1,Crespo & Del Sol,23873656
SRR13608904,1,Crespo & Del Sol,23873656
SRR13608905,1,Crespo & Del Sol,23873656
SRR13608906,1,Crespo & Del Sol,23873656
SRR13608907,1,Crespo & Del Sol,23873656
SRR13608908,1,Crespo & Del Sol,23873656
SRR13608909,1,Crespo & Del Sol,23873656
SRR13608910,1,Crespo & Del Sol,23873656
SRR13608911,1,Crespo & Del Sol,23873656
SRR13608912,1,Crespo & Del Sol,23873656
SRR13608913,1,Crespo & Del Sol,23873656
SRR13608914,1,Crespo & Del Sol,23873656
SRR13608915,1,Crespo & Del Sol,23873656
SRR13608916,1,Crespo & Del Sol,23873656
SRR13608917,1,Crespo & Del Sol,23873656
SRR13608918,1,Crespo & Del Sol,23873656
SRR13608919,1,Crespo & Del Sol,23873656
SRR13608920,1,Crespo & Del Sol,23873656
SRR13608921,1,Crespo & Del Sol,23873656
SRR13608922,1,Crespo & Del Sol,23873656
SRR13608923,1,Crespo & Del Sol,23873656
SRR13608924,1,Crespo & Del Sol,23873656
SRR13608925,1,Crespo & Del Sol,23873656
SRR13608926,1,Crespo & Del Sol,23873656
SRR13608927,1,Crespo & Del Sol,23873656
SRR13608928,1,Crespo & Del Sol,23873656
SRR13608929,1,Crespo & Del Sol,23873656
SRR13608930,1,Crespo & Del Sol,23873656
SRR13608931,1,Crespo & Del Sol,23873656
SRR13608932,1,Crespo & Del Sol,23873656
SRR13608933,1,Crespo & Del Sol,23873656
SRR13608934,1,Crespo & Del Sol,23873656
SRR13608935,1,Crespo & Del Sol,23873656
SRR13608936,1,Crespo & Del Sol,23873656
SRR13608937,1,Crespo & Del Sol,23873656
SRR13608938,1,Crespo & Del Sol,23873656
SRR13608939,1,Crespo & Del Sol,23873656
SRR13608940,1,Crespo & Del Sol,23873656
SRR13608941,1,Crespo & Del Sol,23873656
SRR13608942,1,Crespo & Del Sol,23873656
SRR13608943,1,Crespo & Del Sol,23873656
SRR13608944,1,Crespo & Del Sol,23873656
SRR13608945,1,Crespo & Del Sol,23873656
SRR13608946,1,Crespo & Del Sol,23873656
SRR13608947,1,Crespo & Del Sol,23873656
SRR13608948,1,Crespo & Del Sol,23873656
SRR13608949,1,Crespo & Del Sol,23873656
SRR13608950,1,Crespo & Del Sol,23873656
SRR13608951,1,Crespo & Del Sol,23873656
SRR13608952,1,Crespo & Del Sol,23873656
SRR13608953,1,Crespo & Del Sol,23873656
SRR13608954,1,Crespo & Del Sol,23873656
SRR13608955,1,Crespo & Del Sol,23873656
SRR13608956,1,Crespo & Del Sol,23873656
SRR13608957,1,Crespo & Del Sol,23873656
SRR13608958,1,Crespo & Del Sol,23873656
SRR13608959,1,Crespo & Del Sol,23873656
SRR13608960,1,Crespo & Del Sol,23873656
SRR13608961,1,Crespo & Del Sol,23873656
SRR13608962,1,Crespo & Del Sol,23873656
SRR13608963,1,Crespo & Del Sol,23873656
SRR15813414,1,Crespo & Del Sol,23873656
SRR15813415,1,Crespo & Del Sol,23873656
SRR15813416,1,Crespo & Del Sol,23873656
SRR15813417,1,Crespo & Del Sol,23873656
SRR15813418,1,Crespo & Del Sol,23873656
SRR15813419,1,Crespo & Del Sol,23873656
SRR15813420,1,Crespo & Del Sol,23873656
SRR15813421,1,Crespo & Del Sol,23873656
SRR15813422,1,Crespo & Del Sol,23873656
SRR15813423,1,Crespo & Del Sol,23873656
SRR15813424,1,Crespo & Del Sol,23873656
SRR15813425,1,Crespo & Del Sol,23873656
SRR15813426,1,Crespo & Del Sol,23873656
SRR15813427,1,Crespo & Del Sol,23873656
SRR15813428,1,Crespo & Del Sol,23873656
SRR15813429,1,Crespo & Del Sol,23873656
SRR15813430,1,Crespo & Del Sol,23873656
SRR15813431,1,Crespo & Del Sol,23873656
SRR15813432,1,Crespo & Del Sol,23873656
SRR15813433,1,Crespo & Del Sol,23873656
SRR15813434,1,Crespo & Del Sol,23873656
SRR15813435,1,Crespo & Del Sol,23873656
SRR15813436,1,Crespo & Del Sol,23873656
SRR15813437,1,Crespo & Del Sol,23873656
SRR15813438,1,Crespo & Del Sol,23873656
SRR15813439,1,Crespo & Del Sol,23873656
SRR15813440,1,Crespo & Del Sol,23873656
SRR15813441,1,Crespo & Del Sol,23873656
SRR15813442,1,Crespo & Del Sol,23873656
SRR15813443,1,Crespo & Del Sol,23873656
SRR21831570,1,Crespo & Del Sol,23873656
SRR21831571,1,Crespo & Del Sol,23873656
SRR21831572,1,Crespo & Del Sol,23873656
SRR21831573,1,Crespo & Del Sol,23873656
SRR21831574,1,Crespo & Del Sol,23873656
SRR21831575,1,Crespo & Del Sol,23873656
SRR21831576,1,Crespo & Del Sol,23873656
SRR21831577,1,Crespo & Del Sol,23873656
SRR25205031,1,Crespo & Del Sol,23873656
SRR25205032,1,Crespo & Del Sol,23873656
SRR25205033,1,Crespo & Del Sol,23873656
SRR25205034,1,Crespo & Del Sol,23873656
SRR25205035,1,Crespo & Del Sol,23873656
SRR25205036,1,Crespo & Del Sol,23873656
SRR25205037,1,Crespo & Del Sol,23873656
SRR25205038,1,Crespo & Del Sol,23873656
SRR25205039,1,Crespo & Del Sol,23873656
SRR25205040,1,Crespo & Del Sol,23873656
SRR25205041,1,Crespo & Del Sol,23873656
SRR25205042,1,Crespo & Del Sol,23873656
SRR25205043,1,Crespo & Del Sol,23873656
SRR25205044,1,Crespo & Del Sol,23873656
SRR25205045,1,Crespo & Del Sol,23873656
SRR25205046,1,Crespo & Del Sol,23873656
SRR25741678,1,Crespo & Del Sol,23873656
SRR25741679,1,Crespo & Del Sol,23873656
SRR25741680,1,Crespo & Del Sol,23873656
SRR25741681,1,Crespo & Del Sol,23873656
SRR25741682,1,Crespo & Del Sol,23873656
SRR25741683,1,Crespo & Del Sol,23873656
SRR25741727,1,Crespo & Del Sol,23873656
SRR25741729,1,Crespo & Del Sol,23873656
SRR25741731,1,Crespo & Del Sol,23873656
SRR25741733,1,Crespo & Del Sol,23873656
SRR25741735,1,Crespo & Del Sol,23873656
SRR25741737,1,Crespo & Del Sol,23873656
SRR25741739,1,Crespo & Del Sol,23873656
SRR25741741,1,Crespo & Del Sol,23873656
SRR25741743,1,Crespo & Del Sol,23873656
SRR25741745,1,Crespo & Del Sol,23873656
SRR25741747,1,Crespo & Del Sol,23873656
SRR25741749,1,Crespo & Del Sol,23873656
SRR25741781,1,Crespo & Del Sol,23873656
SRR25741782,1,Crespo & Del Sol,23873656
SRR25741783,1,Crespo & Del Sol,23873656
SRR25741784,1,Crespo & Del Sol,23873656
SRR25741785,1,Crespo & Del Sol,23873656
SRR25741786,1,Crespo & Del Sol,23873656
SRR25741787,1,Crespo & Del Sol,23873656
SRR25741788,1,Crespo & Del Sol,23873656
SRR25741789,1,Crespo & Del Sol,23873656
SRR25741790,1,Crespo & Del Sol,23873656
SRR25741791,1,Crespo & Del Sol,23873656
SRR25741792,1,Crespo & Del Sol,23873656
SRR25741793,1,Crespo & Del Sol,23873656
SRR25741794,1,Crespo & Del Sol,23873656
SRR25741795,1,Crespo & Del Sol,23873656
SRR25741796,1,Crespo & Del Sol,23873656
SRR25741797,1,Crespo & Del Sol,23873656
SRR25741798,1,Crespo & Del Sol,23873656
SRR25741799,1,Crespo & Del Sol,23873656
SRR25741800,1,Crespo & Del Sol,23873656
SRR25741801,1,Crespo & Del Sol,23873656
SRR25741802,1,Crespo & Del Sol,23873656
SRR25741803,1,Crespo & Del Sol,23873656
SRR25741804,1,Crespo & Del Sol,23873656
SRR25741805,1,Crespo & Del Sol,23873656
SRR25741806,1,Crespo & Del Sol,23873656
SRR25741807,1,Crespo & Del Sol,23873656
SRR25741808,1,Crespo & Del Sol,23873656
SRR25741809,1,Crespo & Del Sol,23873656
SRR25741810,1,Crespo & Del Sol,23873656
SRR25741811,1,Crespo & Del Sol,23873656
SRR25741812,1,Crespo & Del Sol,23873656
SRR25741813,1,Crespo & Del Sol,23873656
SRR25741814,1,Crespo & Del Sol,23873656
SRR25741815,1,Crespo & Del Sol,23873656
SRR25741816,1,Crespo & Del Sol,23873656
SRR25741817,1,Crespo & Del Sol,23873656
SRR25741818,1,Crespo & Del Sol,23873656
SRR25741819,1,Crespo & Del Sol,23873656
SRR31554709,1,Crespo & Del Sol,23873656
SRR31554710,1,Crespo & Del Sol,23873656
SRR5352539,1,Crespo & Del Sol,23873656
SRR5352540,1,Crespo & Del Sol,23873656
SRR5352541,1,Crespo & Del Sol,23873656
SRR5352542,1,Crespo & Del Sol,23873656
SRR5352543,1,Crespo & Del Sol,23873656
SRR5352544,1,Crespo & Del Sol,23873656
SRR5352545,1,Crespo & Del Sol,23873656
SRR5352546,1,Crespo & Del Sol,23873656
SRR5352547,1,Crespo & Del Sol,23873656
SRR5352548,1,Crespo & Del Sol,23873656
SRR5352549,1,Crespo & Del Sol,23873656
SRR5352550,1,Crespo & Del Sol,23873656
SRR5352551,1,Crespo & Del Sol,23873656
SRR5352552,1,Crespo & Del Sol,23873656
SRR5352553,1,Crespo & Del Sol,23873656
SRR5352554,1,Crespo & Del Sol,23873656
SRR5352555,1,Crespo & Del Sol,23873656
SRR5352556,1,Crespo & Del Sol,23873656
SRR5352557,1,Crespo & Del Sol,23873656
SRR5352558,1,Crespo & Del Sol,23873656
SRR5352559,1,Crespo & Del Sol,23873656
SRR5352560,1,Crespo & Del Sol,23873656
SRR5352561,1,Crespo & Del Sol,23873656
SRR5352562,1,Crespo & Del Sol,23873656
SRR5352563,1,Crespo & Del Sol,23873656
SRR5352564,1,Crespo & Del Sol,23873656
SRR5352565,1,Crespo & Del Sol,23873656
SRR5352566,1,Crespo & Del Sol,23873656
SRR5352567,1,Crespo & Del Sol,23873656
SRR5352568,1,Crespo & Del Sol,23873656
SRR5352569,1,Crespo & Del Sol,23873656
SRR5352570,1,Crespo & Del Sol,23873656
SRR5352571,1,Crespo & Del Sol,23873656
SRR5352572,1,Crespo & Del Sol,23873656
SRR5352573,1,Crespo & Del Sol,23873656
SRR5352574,1,Crespo & Del Sol,23873656
SRR5352575,1,Crespo & Del Sol,23873656
SRR5352576,1,Crespo & Del Sol,23873656
SRR5352577,1,Crespo & Del Sol,23873656
SRR5352578,1,Crespo & Del Sol,23873656
SRR5352579,1,Crespo & Del Sol,23873656
SRR5352580,1,Crespo & Del Sol,23873656
SRR5352581,1,Crespo & Del Sol,23873656
SRR5352582,1,Crespo & Del Sol,23873656
SRR5352583,1,Crespo & Del Sol,23873656
SRR5352584,1,Crespo & Del Sol,23873656
SRR5352585,1,Crespo & Del Sol,23873656
SRR5352586,1,Crespo & Del Sol,23873656
SRR5352587,1,Crespo & Del Sol,23873656
SRR5352588,1,Crespo & Del Sol,23873656
SRR5352589,1,Crespo & Del Sol,23873656
SRR5352590,1,Crespo & Del Sol,23873656
SRR5352591,1,Crespo & Del Sol,23873656
SRR5352592,1,Crespo & Del Sol,23873656
SRR5352593,1,Crespo & Del Sol,23873656
SRR5352594,1,Crespo & Del Sol,23873656
SRR5352595,1,Crespo & Del Sol,23873656
SRR5352596,1,Crespo & Del Sol,23873656
SRR5352597,1,Crespo & Del Sol,23873656
SRR5352598,1,Crespo & Del Sol,23873656
SRR5352599,1,Crespo & Del Sol,23873656
SRR5352600,1,Crespo & Del Sol,23873656
SRR5352601,1,Crespo & Del Sol,23873656
SRR5352602,1,Crespo & Del Sol,23873656
SRR5352603,1,Crespo & Del Sol,23873656
SRR5352604,1,Crespo & Del Sol,23873656
SRR5352605,1,Crespo & Del Sol,23873656
SRR5352606,1,Crespo & Del Sol,23873656
SRR5352607,1,Crespo & Del Sol,23873656
SRR5352608,1,Crespo & Del Sol,23873656
SRR5352609,1,Crespo & Del Sol,23873656
SRR5352610,1,Crespo & Del Sol,23873656
SRR5352611,1,Crespo & Del Sol,23873656
SRR5352612,1,Crespo & Del Sol,23873656
SRR5352613,1,Crespo & Del Sol,23873656
SRR5352614,1,Crespo & Del Sol,23873656
SRR5352615,1,Crespo & Del Sol,23873656
SRR5352616,1,Crespo & Del Sol,23873656
SRR5352617,1,Crespo & Del Sol,23873656
SRR5352618,1,Crespo & Del Sol,23873656
SRR5352619,1,Crespo & Del Sol,23873656
SRR5352620,1,Crespo & Del Sol,23873656
SRR5352621,1,Crespo & Del Sol,23873656
SRR5352622,1,Crespo & Del Sol,23873656
SRR5352623,1,Crespo & Del Sol,23873656
SRR5352624,1,Crespo & Del Sol,23873656
SRR5352625,1,Crespo & Del Sol,23873656
SRR5352626,1,Crespo & Del Sol,23873656
SRR5352627,1,Crespo & Del Sol,23873656
SRR5352628,1,Crespo & Del Sol,23873656
SRR5352629,1,Crespo & Del Sol,23873656
SRR5352630,1,Crespo & Del Sol,23873656
SRR5352631,1,Crespo & Del Sol,23873656
SRR5352632,1,Crespo & Del Sol,23873656
SRR5352633,1,Crespo & Del Sol,23873656
SRR5352634,1,Crespo & Del Sol,23873656
SRR5352635,1,Crespo & Del Sol,23873656
SRR5352636,1,Crespo & Del Sol,23873656
SRR5352637,1,Crespo & Del Sol,23873656
SRR5352638,1,Crespo & Del Sol,23873656
SRR5352639,1,Crespo & Del Sol,23873656
SRR5352640,1,Crespo & Del Sol,23873656
SRR5352641,1,Crespo & Del Sol,23873656
SRR5352642,1,Crespo & Del Sol,23873656
SRR5352643,1,Crespo & Del Sol,23873656
SRR5352644,1,Crespo & Del Sol,23873656
SRR5352645,1,Crespo & Del Sol,23873656
SRR5352646,1,Crespo & Del Sol,23873656
SRR5352647,1,Crespo & Del Sol,23873656
SRR5352648,1,Crespo & Del Sol,23873656
SRR5352649,1,Crespo & Del Sol,23873656
SRR5352650,1,Crespo & Del Sol,23873656
SRR5352651,1,Crespo & Del Sol,23873656
SRR5352652,1,Crespo & Del Sol,23873656
SRR5352653,1,Crespo & Del Sol,23873656
SRR5352654,1,Crespo & Del Sol,23873656
SRR5352655,1,Crespo & Del Sol,23873656
SRR5352656,1,Crespo & Del Sol,23873656
SRR5352657,1,Crespo & Del Sol,23873656
SRR5352658,1,Crespo & Del Sol,23873656
SRR5352659,1,Crespo & Del Sol,23873656
SRR5352660,1,Crespo & Del Sol,23873656
SRR5352661,1,Crespo & Del Sol,23873656
SRR5352662,1,Crespo & Del Sol,23873656
SRR5352663,1,Crespo & Del Sol,23873656
SRR5352664,1,Crespo & Del Sol,23873656
SRR5352665,1,Crespo & Del Sol,23873656
SRR5352666,1,Crespo & Del Sol,23873656
SRR5352667,1,Crespo & Del Sol,23873656
SRR5352668,1,Crespo & Del Sol,23873656
SRR5352669,1,Crespo & Del Sol,23873656
SRR5352670,1,Crespo & Del Sol,23873656
SRR5352671,1,Crespo & Del Sol,23873656
SRR5352672,1,Crespo & Del Sol,23873656
SRR5352673,1,Crespo & Del Sol,23873656
SRR5352674,1,Crespo & Del Sol,23873656
SRR5352675,1,Crespo & Del Sol,23873656
SRR5352676,1,Crespo & Del Sol,23873656
SRR5352677,1,Crespo & Del Sol,23873656
SRR5352678,1,Crespo & Del Sol,23873656
SRR5352679,1,Crespo & Del Sol,23873656
SRR5352680,1,Crespo & Del Sol,23873656
SRR5352681,1,Crespo & Del Sol,23873656
SRR5352682,1,Crespo & Del Sol,23873656
SRR5352683,1,Crespo & Del Sol,23873656
SRR5352684,1,Crespo & Del Sol,23873656
SRR5352685,1,Crespo & Del Sol,23873656
SRR5352686,1,Crespo & Del Sol,23873656
SRR5352687,1,Crespo & Del Sol,23873656
SRR5352688,1,Crespo & Del Sol,23873656
SRR5352689,1,Crespo & Del Sol,23873656
SRR5352690,1,Crespo & Del Sol,23873656
SRR5352691,1,Crespo & Del Sol,23873656
SRR5352692,1,Crespo & Del Sol,23873656
SRR5352693,1,Crespo & Del Sol,23873656
SRR5352694,1,Crespo & Del Sol,23873656
SRR5352695,1,Crespo & Del Sol,23873656
SRR5352696,1,Crespo & Del Sol,23873656
SRR5352697,1,Crespo & Del Sol,23873656
SRR5352698,1,Crespo & Del Sol,23873656
SRR5352699,1,Crespo & Del Sol,23873656
SRR5352700,1,Crespo & Del Sol,23873656
SRR5352701,1,Crespo & Del Sol,23873656
SRR5352702,1,Crespo & Del Sol,23873656
SRR5352703,1,Crespo & Del Sol,23873656
SRR5352704,1,Crespo & Del Sol,23873656
SRR5352705,1,Crespo & Del Sol,23873656
SRR5352706,1,Crespo & Del Sol,23873656
SRR5352707,1,Crespo & Del Sol,23873656
SRR5352708,1,Crespo & Del Sol,23873656
SRR5352709,1,Crespo & Del Sol,23873656
SRR5352710,1,Crespo & Del Sol,23873656
SRR5352711,1,Crespo & Del Sol,23873656
SRR5352712,1,Crespo & Del Sol,23873656
SRR5352713,1,Crespo & Del Sol,23873656
SRR5352714,1,Crespo & Del Sol,23873656
SRR5352715,1,Crespo & Del Sol,23873656
SRR5352716,1,Crespo & Del Sol,23873656
SRR5352717,1,Crespo & Del Sol,23873656
SRR5352718,1,Crespo & Del Sol,23873656
SRR5352719,1,Crespo & Del Sol,23873656
SRR5352720,1,Crespo & Del Sol,23873656
SRR5352721,1,Crespo & Del Sol,23873656
SRR5352722,1,Crespo & Del Sol,23873656
SRR5352723,1,Crespo & Del Sol,23873656
SRR5352724,1,Crespo & Del Sol,23873656
SRR5352725,1,Crespo & Del Sol,23873656
SRR5352726,1,Crespo & Del Sol,23873656
SRR5352727,1,Crespo & Del Sol,23873656
SRR5352728,1,Crespo & Del Sol,23873656
SRR5352729,1,Crespo & Del Sol,23873656
SRR5352730,1,Crespo & Del Sol,23873656
SRR5352731,1,Crespo & Del Sol,23873656
SRR5352732,1,Crespo & Del Sol,23873656
SRR5352733,1,Crespo & Del Sol,23873656
SRR5352734,1,Crespo & Del Sol,23873656
SRR5352735,1,Crespo & Del Sol,23873656
SRR5352736,1,Crespo & Del Sol,23873656
SRR5352737,1,Crespo & Del Sol,23873656
SRR5352738,1,Crespo & Del Sol,23873656
SRR5352739,1,Crespo & Del Sol,23873656
SRR5352740,1,Crespo & Del Sol,23873656
SRR5352741,1,Crespo & Del Sol,23873656
SRR5352742,1,Crespo & Del Sol,23873656
SRR5352743,1,Crespo & Del Sol,23873656
SRR5352744,1,Crespo & Del Sol,23873656
SRR5352745,1,Crespo & Del Sol,23873656
SRR5352746,1,Crespo & Del Sol,23873656
SRR5352747,1,Crespo & Del Sol,23873656
SRR5352748,1,Crespo & Del Sol,23873656
SRR5352749,1,Crespo & Del Sol,23873656
SRR5352750,1,Crespo & Del Sol,23873656
SRR5352751,1,Crespo & Del Sol,23873656
SRR5352752,1,Crespo & Del Sol,23873656
SRR5352753,1,Crespo & Del Sol,23873656
SRR5352754,1,Crespo & Del Sol,23873656
SRR5352755,1,Crespo & Del Sol,23873656
SRR5352756,1,Crespo & Del Sol,23873656
SRR5352757,1,Crespo & Del Sol,23873656
SRR5352758,1,Crespo & Del Sol,23873656
SRR5352759,1,Crespo & Del Sol,23873656
SRR5352760,1,Crespo & Del Sol,23873656
SRR5352761,1,Crespo & Del Sol,23873656
SRR5352762,1,Crespo & Del Sol,23873656
SRR5352763,1,Crespo & Del Sol,23873656
SRR5352764,1,Crespo & Del Sol,23873656
SRR5352765,1,Crespo & Del Sol,23873656
SRR5352766,1,Crespo & Del Sol,23873656
SRR5352767,1,Crespo & Del Sol,23873656
SRR5352768,1,Crespo & Del Sol,23873656
SRR5352769,1,Crespo & Del Sol,23873656
SRR5352770,1,Crespo & Del Sol,23873656
SRR5352771,1,Crespo & Del Sol,23873656
SRR5352772,1,Crespo & Del Sol,23873656
SRR5352773,1,Crespo & Del Sol,23873656
SRR5352774,1,Crespo & Del Sol,23873656
SRR5352775,1,Crespo & Del Sol,23873656
SRR5352776,1,Crespo & Del Sol,23873656
SRR5352777,1,Crespo & Del Sol,23873656
SRR5352778,1,Crespo & Del Sol,23873656
SRR5352779,1,Crespo & Del Sol,23873656
SRR5352780,1,Crespo & Del Sol,23873656
SRR5352781,1,Crespo & Del Sol,23873656
SRR5352782,1,Crespo & Del Sol,23873656
SRR5352783,1,Crespo & Del Sol,23873656
SRR5352784,1,Crespo & Del Sol,23873656
SRR5352785,1,Crespo & Del Sol,23873656
SRR5352786,1,Crespo & Del Sol,23873656
SRR5352787,1,Crespo & Del Sol,23873656
SRR5352788,1,Crespo & Del Sol,23873656
SRR5352789,1,Crespo & Del Sol,23873656
SRR5352790,1,Crespo & Del Sol,23873656
SRR5352791,1,Crespo & Del Sol,23873656
SRR5352792,1,Crespo & Del Sol,23873656
SRR5352793,1,Crespo & Del Sol,23873656
SRR5352794,1,Crespo & Del Sol,23873656
SRR5352795,1,Crespo & Del Sol,23873656
SRR5352796,1,Crespo & Del Sol,23873656
SRR5352797,1,Crespo & Del Sol,23873656
SRR5352798,1,Crespo & Del Sol,23873656
SRR5352799,1,Crespo & Del Sol,23873656
SRR5352800,1,Crespo & Del Sol,23873656
SRR5352801,1,Crespo & Del Sol,23873656
SRR5352802,1,Crespo & Del Sol,23873656
SRR5352803,1,Crespo & Del Sol,23873656
SRR5352804,1,Crespo & Del Sol,23873656
SRR5352805,1,Crespo & Del Sol,23873656
SRR5352806,1,Crespo & Del Sol,23873656
SRR5352807,1,Crespo & Del Sol,23873656
SRR5352808,1,Crespo & Del Sol,23873656
SRR5352809,1,Crespo & Del Sol,23873656
SRR5352810,1,Crespo & Del Sol,23873656
SRR5352811,1,Crespo & Del Sol,23873656
SRR5352812,1,Crespo & Del Sol,23873656
SRR5352813,1,Crespo & Del Sol,23873656
SRR5352814,1,Crespo & Del Sol,23873656
SRR5352815,1,Crespo & Del Sol,23873656
SRR5352816,1,Crespo & Del Sol,23873656
SRR5352817,1,Crespo & Del Sol,23873656
SRR5352818,1,Crespo & Del Sol,23873656
SRR5352819,1,Crespo & Del Sol,23873656
SRR5352820,1,Crespo & Del Sol,23873656
SRR5352821,1,Crespo & Del Sol,23873656
SRR5352822,1,Crespo & Del Sol,23873656
SRR5352823,1,Crespo & Del Sol,23873656
SRR5352824,1,Crespo & Del Sol,23873656
SRR5352825,1,Crespo & Del Sol,23873656
SRR5352826,1,Crespo & Del Sol,23873656
SRR5352827,1,Crespo & Del Sol,23873656
SRR5352828,1,Crespo & Del Sol,23873656
SRR5352829,1,Crespo & Del Sol,23873656
SRR5352830,1,Crespo & Del Sol,23873656
SRR5352831,1,Crespo & Del Sol,23873656
SRR5352832,1,Crespo & Del Sol,23873656
SRR5352833,1,Crespo & Del Sol,23873656
SRR5352834,1,Crespo & Del Sol,23873656
SRR5352835,1,Crespo & Del Sol,23873656
SRR5352836,1,Crespo & Del Sol,23873656
SRR5352837,1,Crespo & Del Sol,23873656
SRR5352838,1,Crespo & Del Sol,23873656
SRR5352839,1,Crespo & Del Sol,23873656
SRR5352840,1,Crespo & Del Sol,23873656
SRR5352841,1,Crespo & Del Sol,23873656
SRR5352842,1,Crespo & Del Sol,23873656
SRR5352843,1,Crespo & Del Sol,23873656
SRR5352844,1,Crespo & Del Sol,23873656
SRR5352845,1,Crespo & Del Sol,23873656
SRR5352846,1,Crespo & Del Sol,23873656
SRR5352847,1,Crespo & Del Sol,23873656
SRR5352848,1,Crespo & Del Sol,23873656
SRR5352849,1,Crespo & Del Sol,23873656
SRR5352850,1,Crespo & Del Sol,23873656
SRR5352851,1,Crespo & Del Sol,23873656
SRR5352852,1,Crespo & Del Sol,23873656
SRR5352853,1,Crespo & Del Sol,23873656
SRR5352854,1,Crespo & Del Sol,23873656
SRR5352855,1,Crespo & Del Sol,23873656
SRR5352856,1,Crespo & Del Sol,23873656
SRR5352857,1,Crespo & Del Sol,23873656
SRR5352858,1,Crespo & Del Sol,23873656
SRR5352859,1,Crespo & Del Sol,23873656
SRR5352860,1,Crespo & Del Sol,23873656
SRR5352861,1,Crespo & Del Sol,23873656
SRR5352862,1,Crespo & Del Sol,23873656
SRR5352863,1,Crespo & Del Sol,23873656
SRR5352864,1,Crespo & Del Sol,23873656
SRR5352865,1,Crespo & Del Sol,23873656
SRR5352866,1,Crespo & Del Sol,23873656
SRR5352867,1,Crespo & Del Sol,23873656
SRR5352868,1,Crespo & Del Sol,23873656
SRR5352869,1,Crespo & Del Sol,23873656
SRR5352870,1,Crespo & Del Sol,23873656
SRR5352871,1,Crespo & Del Sol,23873656
SRR5352872,1,Crespo & Del Sol,23873656
SRR5352873,1,Crespo & Del Sol,23873656
SRR5352874,1,Crespo & Del Sol,23873656
SRR5352875,1,Crespo & Del Sol,23873656
SRR5352876,1,Crespo & Del Sol,23873656
SRR5352877,1,Crespo & Del Sol,23873656
SRR5352878,1,Crespo & Del Sol,23873656
SRR5352879,1,Crespo & Del Sol,23873656
SRR5352880,1,Crespo & Del Sol,23873656
SRR5352881,1,Crespo & Del Sol,23873656
SRR5352882,1,Crespo & Del Sol,23873656
SRR5352883,1,Crespo & Del Sol,23873656
SRR5352884,1,Crespo & Del Sol,23873656
SRR5352885,1,Crespo & Del Sol,23873656
SRR5352886,1,Crespo & Del Sol,23873656
SRR5352887,1,Crespo & Del Sol,23873656
SRR5352888,1,Crespo & Del Sol,23873656
SRR5352889,1,Crespo & Del Sol,23873656
SRR5352890,1,Crespo & Del Sol,23873656
SRR5352891,1,Crespo & Del Sol,23873656
SRR5352892,1,Crespo & Del Sol,23873656
SRR5352893,1,Crespo & Del Sol,23873656
SRR5352894,1,Crespo & Del Sol,23873656
SRR5352895,1,Crespo & Del Sol,23873656
SRR5352896,1,Crespo & Del Sol,23873656
SRR5352897,1,Crespo & Del Sol,23873656
SRR5352898,1,Crespo & Del Sol,23873656
SRR5352899,1,Crespo & Del Sol,23873656
SRR5352900,1,Crespo & Del Sol,23873656
SRR5352901,1,Crespo & Del Sol,23873656
SRR5352902,1,Crespo & Del Sol,23873656
SRR5352903,1,Crespo & Del Sol,23873656
SRR5352904,1,Crespo & Del Sol,23873656
SRR5352905,1,Crespo & Del Sol,23873656
SRR5352906,1,Crespo & Del Sol,23873656
SRR5352907,1,Crespo & Del Sol,23873656
SRR5352908,1,Crespo & Del Sol,23873656
SRR5352909,1,Crespo & Del Sol,23873656
SRR5352910,1,Crespo & Del Sol,23873656
SRR5352911,1,Crespo & Del Sol,23873656
SRR5352912,1,Crespo & Del Sol,23873656
SRR5352913,1,Crespo & Del Sol,23873656
SRR5352914,1,Crespo & Del Sol,23873656
SRR5352915,1,Crespo & Del Sol,23873656
SRR5352916,1,Crespo & Del Sol,23873656
SRR5352917,1,Crespo & Del Sol,23873656
SRR5352918,1,Crespo & Del Sol,23873656
SRR5352919,1,Crespo & Del Sol,23873656
SRR5352920,1,Crespo & Del Sol,23873656
SRR5352921,1,Crespo & Del Sol,23873656
SRR5352922,1,Crespo & Del Sol,23873656
SRR5352923,1,Crespo & Del Sol,23873656
SRR5352924,1,Crespo & Del Sol,23873656
SRR5352925,1,Crespo & Del Sol,23873656
SRR5352926,1,Crespo & Del Sol,23873656
SRR5352927,1,Crespo & Del Sol,23873656
SRR5352928,1,Crespo & Del Sol,23873656
SRR5352929,1,Crespo & Del Sol,23873656
SRR5352930,1,Crespo & Del Sol,23873656
SRR5352931,1,Crespo & Del Sol,23873656
SRR5352932,1,Crespo & Del Sol,23873656
SRR5352933,1,Crespo & Del Sol,23873656
SRR5352934,1,Crespo & Del Sol,23873656
SRR5352935,1,Crespo & Del Sol,23873656
SRR5352936,1,Crespo & Del Sol,23873656
SRR5352937,1,Crespo & Del Sol,23873656
SRR5352938,1,Crespo & Del Sol,23873656
SRR5352939,1,Crespo & Del Sol,23873656
SRR5352940,1,Crespo & Del Sol,23873656
SRR5352941,1,Crespo & Del Sol,23873656
SRR5352942,1,Crespo & Del Sol,23873656
SRR5352943,1,Crespo & Del Sol,23873656
SRR5352944,1,Crespo & Del Sol,23873656
SRR5352945,1,Crespo & Del Sol,23873656
SRR5352946,1,Crespo & Del Sol,23873656
SRR5352947,1,Crespo & Del Sol,23873656
SRR5352948,1,Crespo & Del Sol,23873656
SRR5352949,1,Crespo & Del Sol,23873656
SRR5352950,1,Crespo & Del Sol,23873656
SRR5352951,1,Crespo & Del Sol,23873656
SRR5352952,1,Crespo & Del Sol,23873656
SRR5352953,1,Crespo & Del Sol,23873656
SRR5352954,1,Crespo & Del Sol,23873656
SRR5352955,1,Crespo & Del Sol,23873656
SRR5352956,1,Crespo & Del Sol,23873656
SRR5352957,1,Crespo & Del Sol,23873656
SRR5352958,1,Crespo & Del Sol,23873656
SRR5352959,1,Crespo & Del Sol,23873656
SRR5352960,1,Crespo & Del Sol,23873656
SRR5352961,1,Crespo & Del Sol,23873656
SRR5352962,1,Crespo & Del Sol,23873656
SRR5352963,1,Crespo & Del Sol,23873656
SRR5352964,1,Crespo & Del Sol,23873656
SRR5352965,1,Crespo & Del Sol,23873656
SRR5352966,1,Crespo & Del Sol,23873656
SRR5352967,1,Crespo & Del Sol,23873656
SRR5352968,1,Crespo & Del Sol,23873656
SRR5352969,1,Crespo & Del Sol,23873656
SRR5352970,1,Crespo & Del Sol,23873656
SRR5352971,1,Crespo & Del Sol,23873656
SRR5352972,1,Crespo & Del Sol,23873656
SRR5352973,1,Crespo & Del Sol,23873656
SRR5352974,1,Crespo & Del Sol,23873656
SRR5352975,1,Crespo & Del Sol,23873656
SRR5352976,1,Crespo & Del Sol,23873656
SRR5352977,1,Crespo & Del Sol,23873656
SRR5352978,1,Crespo & Del Sol,23873656
SRR5352979,1,Crespo & Del Sol,23873656
SRR5352980,1,Crespo & Del Sol,23873656
SRR5352981,1,Crespo & Del Sol,23873656
SRR5352982,1,Crespo & Del Sol,23873656
SRR5352983,1,Crespo & Del Sol,23873656
SRR5352984,1,Crespo & Del Sol,23873656
SRR5352985,1,Crespo & Del Sol,23873656
SRR5352986,1,Crespo & Del Sol,23873656
SRR5352987,1,Crespo & Del Sol,23873656
SRR5352988,1,Crespo & Del Sol,23873656
SRR5352989,1,Crespo & Del Sol,23873656
SRR5352990,1,Crespo & Del Sol,23873656
SRR5352991,1,Crespo & Del Sol,23873656
SRR5352992,1,Crespo & Del Sol,23873656
SRR5352993,1,Crespo & Del Sol,23873656
SRR5352994,1,Crespo & Del Sol,23873656
SRR5352995,1,Crespo & Del Sol,23873656
SRR5352996,1,Crespo & Del Sol,23873656
SRR5352997,1,Crespo & Del Sol,23873656
SRR5352998,1,Crespo & Del Sol,23873656
SRR5352999,1,Crespo & Del Sol,23873656
SRR5353000,1,Crespo & Del Sol,23873656
SRR5353001,1,Crespo & Del Sol,23873656
SRR5353002,1,Crespo & Del Sol,23873656
SRR5353003,1,Crespo & Del Sol,23873656
SRR5353004,1,Crespo & Del Sol,23873656
SRR5353005,1,Crespo & Del Sol,23873656
SRR5353006,1,Crespo & Del Sol,23873656
SRR5353007,1,Crespo & Del Sol,23873656
SRR5353008,1,Crespo & Del Sol,23873656
SRR5353009,1,Crespo & Del Sol,23873656
SRR5353010,1,Crespo & Del Sol,23873656
SRR5353011,1,Crespo & Del Sol,23873656
SRR5353012,1,Crespo & Del Sol,23873656
SRR5353013,1,Crespo & Del Sol,23873656
SRR5353014,1,Crespo & Del Sol,23873656
SRR5353015,1,Crespo & Del Sol,23873656
SRR5353016,1,Crespo & Del Sol,23873656
SRR5353017,1,Crespo & Del Sol,23873656
SRR5353018,1,Crespo & Del Sol,23873656
SRR5353019,1,Crespo & Del Sol,23873656
SRR5353020,1,Crespo & Del Sol,23873656
SRR5353021,1,Crespo & Del Sol,23873656
SRR5353022,1,Crespo & Del Sol,23873656
SRR5353023,1,Crespo & Del Sol,23873656
SRR5353024,1,Crespo & Del Sol,23873656
SRR5353025,1,Crespo & Del Sol,23873656
SRR5353026,1,Crespo & Del Sol,23873656
SRR5353027,1,Crespo & Del Sol,23873656
SRR5353028,1,Crespo & Del Sol,23873656
SRR5353029,1,Crespo & Del Sol,23873656
SRR5353030,1,Crespo & Del Sol,23873656
SRR5353031,1,Crespo & Del Sol,23873656
SRR5353032,1,Crespo & Del Sol,23873656
SRR5353033,1,Crespo & Del Sol,23873656
SRR5353034,1,Crespo & Del Sol,23873656
SRR5353035,1,Crespo & Del Sol,23873656
SRR5353036,1,Crespo & Del Sol,23873656
SRR5353037,1,Crespo & Del Sol,23873656
SRR5353038,1,Crespo & Del Sol,23873656
SRR5353039,1,Crespo & Del Sol,23873656
SRR5353040,1,Crespo & Del Sol,23873656
SRR5353041,1,Crespo & Del Sol,23873656
SRR5353042,1,Crespo & Del Sol,23873656
SRR5353043,1,Crespo & Del Sol,23873656
SRR5353044,1,Crespo & Del Sol,23873656
SRR5353045,1,Crespo & Del Sol,23873656
SRR5353046,1,Crespo & Del Sol,23873656
SRR5353047,1,Crespo & Del Sol,23873656
SRR5353048,1,Crespo & Del Sol,23873656
SRR5353049,1,Crespo & Del Sol,23873656
SRR5353050,1,Crespo & Del Sol,23873656
SRR5353051,1,Crespo & Del Sol,23873656
SRR5353052,1,Crespo & Del Sol,23873656
SRR5353053,1,Crespo & Del Sol,23873656
SRR5353054,1,Crespo & Del Sol,23873656
SRR5353055,1,Crespo & Del Sol,23873656
SRR5353056,1,Crespo & Del Sol,23873656
SRR5353057,1,Crespo & Del Sol,23873656
SRR5353058,1,Crespo & Del Sol,23873656
SRR5353059,1,Crespo & Del Sol,23873656
SRR5353060,1,Crespo & Del Sol,23873656
SRR5353061,1,Crespo & Del Sol,23873656
SRR5353062,1,Crespo & Del Sol,23873656
SRR5353063,1,Crespo & Del Sol,23873656
SRR5353064,1,Crespo & Del Sol,23873656
SRR5353065,1,Crespo & Del Sol,23873656
SRR5353066,1,Crespo & Del Sol,23873656
SRR5353067,1,Crespo & Del Sol,23873656
SRR5353068,1,Crespo & Del Sol,23873656
SRR5353069,1,Crespo & Del Sol,23873656
SRR5353070,1,Crespo & Del Sol,23873656
SRR5353071,1,Crespo & Del Sol,23873656
SRR5353072,1,Crespo & Del Sol,23873656
SRR5353073,1,Crespo & Del Sol,23873656
SRR5353074,1,Crespo & Del Sol,23873656
SRR5353075,1,Crespo & Del Sol,23873656
SRR5353076,1,Crespo & Del Sol,23873656
SRR5353077,1,Crespo & Del Sol,23873656
SRR5353078,1,Crespo & Del Sol,23873656
SRR5353079,1,Crespo & Del Sol,23873656
SRR5353080,1,Crespo & Del Sol,23873656
SRR5353081,1,Crespo & Del Sol,23873656
SRR5353082,1,Crespo & Del Sol,23873656
SRR5353083,1,Crespo & Del Sol,23873656
SRR5353084,1,Crespo & Del Sol,23873656
SRR5353085,1,Crespo & Del Sol,23873656
SRR5353086,1,Crespo & Del Sol,23873656
SRR5353087,1,Crespo & Del Sol,23873656
SRR5353088,1,Crespo & Del Sol,23873656
SRR5353089,1,Crespo & Del Sol,23873656
SRR5353090,1,Crespo & Del Sol,23873656
SRR5353091,1,Crespo & Del Sol,23873656
SRR5353092,1,Crespo & Del Sol,23873656
SRR5353093,1,Crespo & Del Sol,23873656
SRR5353094,1,Crespo & Del Sol,23873656
SRR5353095,1,Crespo & Del Sol,23873656
SRR5353096,1,Crespo & Del Sol,23873656
SRR5353097,1,Crespo & Del Sol,23873656
SRR5353098,1,Crespo & Del Sol,23873656
SRR5353099,1,Crespo & Del Sol,23873656
SRR5353100,1,Crespo & Del Sol,23873656
SRR5353101,1,Crespo & Del Sol,23873656
SRR5353102,1,Crespo & Del Sol,23873656
SRR5353103,1,Crespo & Del Sol,23873656
SRR5353104,1,Crespo & Del Sol,23873656
SRR5353105,1,Crespo & Del Sol,23873656
SRR5353106,1,Crespo & Del Sol,23873656
SRR5353107,1,Crespo & Del Sol,23873656
SRR5353108,1,Crespo & Del Sol,23873656
SRR5353109,1,Crespo & Del Sol,23873656
SRR5353110,1,Crespo & Del Sol,23873656
SRR5353111,1,Crespo & Del Sol,23873656
SRR5553765,1,Crespo & Del Sol,23873656
SRR5553766,1,Crespo & Del Sol,23873656
SRR5553767,1,Crespo & Del Sol,23873656
SRR5553768,1,Crespo & Del Sol,23873656
SRR5553769,1,Crespo & Del Sol,23873656
SRR5553770,1,Crespo & Del Sol,23873656
SRR5553771,1,Crespo & Del Sol,23873656
SRR5553772,1,Crespo & Del Sol,23873656
SRR5553773,1,Crespo & Del Sol,23873656
SRR5553774,1,Crespo & Del Sol,23873656
SRR5553775,1,Crespo & Del Sol,23873656
SRR5553776,1,Crespo & Del Sol,23873656
SRR5553777,1,Crespo & Del Sol,23873656
SRR5553778,1,Crespo & Del Sol,23873656
SRR5553779,1,Crespo & Del Sol,23873656
SRR5553780,1,Crespo & Del Sol,23873656
SRR5553781,1,Crespo & Del Sol,23873656
SRR5553782,1,Crespo & Del Sol,23873656
SRR5553783,1,Crespo & Del Sol,23873656
SRR5553784,1,Crespo & Del Sol,23873656
SRR5553785,1,Crespo & Del Sol,23873656
SRR5553786,1,Crespo & Del Sol,23873656
SRR5553787,1,Crespo & Del Sol,23873656
SRR5553788,1,Crespo & Del Sol,23873656
SRR5553789,1,Crespo & Del Sol,23873656
SRR5553790,1,Crespo & Del Sol,23873656
SRR5553791,1,Crespo & Del Sol,23873656
SRR5553792,1,Crespo & Del Sol,23873656
SRR5553793,1,Crespo & Del Sol,23873656
SRR5553794,1,Crespo & Del Sol,23873656
SRR5553795,1,Crespo & Del Sol,23873656
SRR5553796,1,Crespo & Del Sol,23873656
SRR5553797,1,Crespo & Del Sol,23873656
SRR5553798,1,Crespo & Del Sol,23873656
SRR5553799,1,Crespo & Del Sol,23873656
SRR5553800,1,Crespo & Del Sol,23873656
SRR5553801,1,Crespo & Del Sol,23873656
SRR5553802,1,Crespo & Del Sol,23873656
SRR5553803,1,Crespo & Del Sol,23873656
SRR5553804,1,Crespo & Del Sol,23873656
SRR5553805,1,Crespo & Del Sol,23873656
SRR5553806,1,Crespo & Del Sol,23873656
SRR5553807,1,Crespo & Del Sol,23873656
SRR5553808,1,Crespo & Del Sol,23873656
SRR5553809,1,Crespo & Del Sol,23873656
SRR5553810,1,Crespo & Del Sol,23873656
SRR5553811,1,Crespo & Del Sol,23873656
SRR5553812,1,Crespo & Del Sol,23873656
SRR5553813,1,Crespo & Del Sol,23873656
SRR5553814,1,Crespo & Del Sol,23873656
SRR5553815,1,Crespo & Del Sol,23873656
SRR5553816,1,Crespo & Del Sol,23873656
SRR5553817,1,Crespo & Del Sol,23873656
SRR5553818,1,Crespo & Del Sol,23873656
SRR5553819,1,Crespo & Del Sol,23873656
SRR5553820,1,Crespo & Del Sol,23873656
SRR5553821,1,Crespo & Del Sol,23873656
SRR5553822,1,Crespo & Del Sol,23873656
SRR5553823,1,Crespo & Del Sol,23873656
SRR5553824,1,Crespo & Del Sol,23873656
SRR5553825,1,Crespo & Del Sol,23873656
SRR5553826,1,Crespo & Del Sol,23873656
SRR5553827,1,Crespo & Del Sol,23873656
SRR5553828,1,Crespo & Del Sol,23873656
SRR5553829,1,Crespo & Del Sol,23873656
SRR5553830,1,Crespo & Del Sol,23873656
SRR5553831,1,Crespo & Del Sol,23873656
SRR5553832,1,Crespo & Del Sol,23873656
SRR5553833,1,Crespo & Del Sol,23873656
SRR5553834,1,Crespo & Del Sol,23873656
SRR5553835,1,Crespo & Del Sol,23873656
SRR5553836,1,Crespo & Del Sol,23873656
SRR5553837,1,Crespo & Del Sol,23873656
SRR5553838,1,Crespo & Del Sol,23873656
SRR5553839,1,Crespo & Del Sol,23873656
SRR5553840,1,Crespo & Del Sol,23873656
SRR5553841,1,Crespo & Del Sol,23873656
SRR5553842,1,Crespo & Del Sol,23873656
SRR5553843,1,Crespo & Del Sol,23873656
SRR5553844,1,Crespo & Del Sol,23873656
SRR5553845,1,Crespo & Del Sol,23873656
SRR5553846,1,Crespo & Del Sol,23873656
SRR5553847,1,Crespo & Del Sol,23873656
SRR5553848,1,Crespo & Del Sol,23873656
SRR5553849,1,Crespo & Del Sol,23873656
SRR5553850,1,Crespo & Del Sol,23873656
SRR5553851,1,Crespo & Del Sol,23873656
SRR5553852,1,Crespo & Del Sol,23873656
SRR5553853,1,Crespo & Del Sol,23873656
SRR5553854,1,Crespo & Del Sol,23873656
SRR5553855,1,Crespo & Del Sol,23873656
SRR5553856,1,Crespo & Del Sol,23873656
SRR5553857,1,Crespo & Del Sol,23873656
SRR5553858,1,Crespo & Del Sol,23873656
SRR5553859,1,Crespo & Del Sol,23873656
SRR5553860,1,Crespo & Del Sol,23873656
SRR5553861,1,Crespo & Del Sol,23873656
SRR5553862,1,Crespo & Del Sol,23873656
SRR5553863,1,Crespo & Del Sol,23873656
SRR5553864,1,Crespo & Del Sol,23873656
SRR5553865,1,Crespo & Del Sol,23873656
SRR5553866,1,Crespo & Del Sol,23873656
SRR5553867,1,Crespo & Del Sol,23873656
SRR5553868,1,Crespo & Del Sol,23873656
SRR5553869,1,Crespo & Del Sol,23873656
SRR5553870,1,Crespo & Del Sol,23873656
SRR5553871,1,Crespo & Del Sol,23873656
SRR5553872,1,Crespo & Del Sol,23873656
SRR5553873,1,Crespo & Del Sol,23873656
SRR5553874,1,Crespo & Del Sol,23873656
SRR5553875,1,Crespo & Del Sol,23873656
SRR5553876,1,Crespo & Del Sol,23873656
SRR5553877,1,Crespo & Del Sol,23873656
SRR5553878,1,Crespo & Del Sol,23873656
SRR5553879,1,Crespo & Del Sol,23873656
SRR5553880,1,Crespo & Del Sol,23873656
SRR5553881,1,Crespo & Del Sol,23873656
SRR5553882,1,Crespo & Del Sol,23873656
SRR5553883,1,Crespo & Del Sol,23873656
SRR5553884,1,Crespo & Del Sol,23873656
SRR5553885,1,Crespo & Del Sol,23873656
SRR5553886,1,Crespo & Del Sol,23873656
SRR5553887,1,Crespo & Del Sol,23873656
SRR5553888,1,Crespo & Del Sol,23873656
SRR5553889,1,Crespo & Del Sol,23873656
SRR5553890,1,Crespo & Del Sol,23873656
SRR5553891,1,Crespo & Del Sol,23873656
SRR5553892,1,Crespo & Del Sol,23873656
SRR5553893,1,Crespo & Del Sol,23873656
SRR5553894,1,Crespo & Del Sol,23873656
SRR5553895,1,Crespo & Del Sol,23873656
SRR5553896,1,Crespo & Del Sol,23873656
SRR5553897,1,Crespo & Del Sol,23873656
SRR5553898,1,Crespo & Del Sol,23873656
SRR5553899,1,Crespo & Del Sol,23873656
SRR5553900,1,Crespo & Del Sol,23873656
SRR5553901,1,Crespo & Del Sol,23873656
SRR5553902,1,Crespo & Del Sol,23873656
SRR5553903,1,Crespo & Del Sol,23873656
SRR5553904,1,Crespo & Del Sol,23873656
SRR5553905,1,Crespo & Del Sol,23873656
SRR5553906,1,Crespo & Del Sol,23873656
SRR5553907,1,Crespo & Del Sol,23873656
SRR5553908,1,Crespo & Del Sol,23873656
SRR5553909,1,Crespo & Del Sol,23873656
SRR5553910,1,Crespo & Del Sol,23873656
SRR5553911,1,Crespo & Del Sol,23873656
SRR5553912,1,Crespo & Del Sol,23873656
SRR5553913,1,Crespo & Del Sol,23873656
SRR5553914,1,Crespo & Del Sol,23873656
SRR5553915,1,Crespo & Del Sol,23873656
SRR5553916,1,Crespo & Del Sol,23873656
SRR5553917,1,Crespo & Del Sol,23873656
SRR5553918,1,Crespo & Del Sol,23873656
SRR5553919,1,Crespo & Del Sol,23873656
SRR5553920,1,Crespo & Del Sol,23873656
SRR5553921,1,Crespo & Del Sol,23873656
SRR5553922,1,Crespo & Del Sol,23873656
SRR5553923,1,Crespo & Del Sol,23873656
SRR5553924,1,Crespo & Del Sol,23873656
SRR5553925,1,Crespo & Del Sol,23873656
SRR5553926,1,Crespo & Del Sol,23873656
SRR5553927,1,Crespo & Del Sol,23873656
SRR5553928,1,Crespo & Del Sol,23873656
SRR5553929,1,Crespo & Del Sol,23873656
SRR5553930,1,Crespo & Del Sol,23873656
SRR5553931,1,Crespo & Del Sol,23873656
SRR5553932,1,Crespo & Del Sol,23873656
SRR5553933,1,Crespo & Del Sol,23873656
SRR5553934,1,Crespo & Del Sol,23873656
SRR5553935,1,Crespo & Del Sol,23873656
SRR5553936,1,Crespo & Del Sol,23873656
SRR5553937,1,Crespo & Del Sol,23873656
SRR5553938,1,Crespo & Del Sol,23873656
SRR5553939,1,Crespo & Del Sol,23873656
SRR5553940,1,Crespo & Del Sol,23873656
SRR5553941,1,Crespo & Del Sol,23873656
SRR5553942,1,Crespo & Del Sol,23873656
SRR5553943,1,Crespo & Del Sol,23873656
SRR5553944,1,Crespo & Del Sol,23873656
SRR5553945,1,Crespo & Del Sol,23873656
SRR5553946,1,Crespo & Del Sol,23873656
SRR5553947,1,Crespo & Del Sol,23873656
SRR5553948,1,Crespo & Del Sol,23873656
SRR5553949,1,Crespo & Del Sol,23873656
SRR5553950,1,Crespo & Del Sol,23873656
SRR5553951,1,Crespo & Del Sol,23873656
SRR5553952,1,Crespo & Del Sol,23873656
SRR5553953,1,Crespo & Del Sol,23873656
SRR5553954,1,Crespo & Del Sol,23873656
SRR5553955,1,Crespo & Del Sol,23873656
SRR5553956,1,Crespo & Del Sol,23873656
SRR5553957,1,Crespo & Del Sol,23873656
SRR5553958,1,Crespo & Del Sol,23873656
SRR5553959,1,Crespo & Del Sol,23873656
SRR5553960,1,Crespo & Del Sol,23873656
SRR5553961,1,Crespo & Del Sol,23873656
SRR5553962,1,Crespo & Del Sol,23873656
SRR5553963,1,Crespo & Del Sol,23873656
SRR5553964,1,Crespo & Del Sol,23873656
SRR5553965,1,Crespo & Del Sol,23873656
SRR5553966,1,Crespo & Del Sol,23873656
SRR5553967,1,Crespo & Del Sol,23873656
SRR5553968,1,Crespo & Del Sol,23873656
SRR5553969,1,Crespo & Del Sol,23873656
SRR5553970,1,Crespo & Del Sol,23873656
SRR5553971,1,Crespo & Del Sol,23873656
SRR5553972,1,Crespo & Del Sol,23873656
SRR5553973,1,Crespo & Del Sol,23873656
SRR5553974,1,Crespo & Del Sol,23873656
SRR5553975,1,Crespo & Del Sol,23873656
SRR5553976,1,Crespo & Del Sol,23873656
SRS10085811,1,Crespo & Del Sol,23873656
SRS10085813,1,Crespo & Del Sol,23873656
SRS10085814,1,Crespo & Del Sol,23873656
SRS10085815,1,Crespo & Del Sol,23873656
SRS10085816,1,Crespo & Del Sol,23873656
SRS10085817,1,Crespo & Del Sol,23873656
SRS10085818,1,Crespo & Del Sol,23873656
SRS10085819,1,Crespo & Del Sol,23873656
SRS10085820,1,Crespo & Del Sol,23873656
SRS10085821,1,Crespo & Del Sol,23873656
SRS10085822,1,Crespo & Del Sol,23873656
SRS10085823,1,Crespo & Del Sol,23873656
SRS10085824,1,Crespo & Del Sol,23873656
SRS10085825,1,Crespo & Del Sol,23873656
SRS10085826,1,Crespo & Del Sol,23873656
SRS10085827,1,Crespo & Del Sol,23873656
SRS10085828,1,Crespo & Del Sol,23873656
SRS10085829,1,Crespo & Del Sol,23873656
SRS10085830,1,Crespo & Del Sol,23873656
SRS10085831,1,Crespo & Del Sol,23873656
SRS10085832,1,Crespo & Del Sol,23873656
SRS10085833,1,Crespo & Del Sol,23873656
SRS10085834,1,Crespo & Del Sol,23873656
SRS10085835,1,Crespo & Del Sol,23873656
SRS10085836,1,Crespo & Del Sol,23873656
SRS10085837,1,Crespo & Del Sol,23873656
SRS10085838,1,Crespo & Del Sol,23873656
SRS10085839,1,Crespo & Del Sol,23873656
SRS10085840,1,Crespo & Del Sol,23873656
SRS10085841,1,Crespo & Del Sol,23873656
SRS15344709,1,Crespo & Del Sol,23873656
SRS15344710,1,Crespo & Del Sol,23873656
SRS15344711,1,Crespo & Del Sol,23873656
SRS15344712,1,Crespo & Del Sol,23873656
SRS15344713,1,Crespo & Del Sol,23873656
SRS15344714,1,Crespo & Del Sol,23873656
SRS15344715,1,Crespo & Del Sol,23873656
SRS15344716,1,Crespo & Del Sol,23873656
SRS18228416,1,Crespo & Del Sol,23873656
SRS18228417,1,Crespo & Del Sol,23873656
SRS18228418,1,Crespo & Del Sol,23873656
SRS18228419,1,Crespo & Del Sol,23873656
SRS18228420,1,Crespo & Del Sol,23873656
SRS18228421,1,Crespo & Del Sol,23873656
SRS18228422,1,Crespo & Del Sol,23873656
SRS18228423,1,Crespo & Del Sol,23873656
SRS18228424,1,Crespo & Del Sol,23873656
SRS18228425,1,Crespo & Del Sol,23873656
SRS18228426,1,Crespo & Del Sol,23873656
SRS18228427,1,Crespo & Del Sol,23873656
SRS18228428,1,Crespo & Del Sol,23873656
SRS18228429,1,Crespo & Del Sol,23873656
SRS18228430,1,Crespo & Del Sol,23873656
SRS18228431,1,Crespo & Del Sol,23873656
SRS18700001,1,Crespo & Del Sol,23873656
SRS18700002,1,Crespo & Del Sol,23873656
SRS18700003,1,Crespo & Del Sol,23873656
SRS18700004,1,Crespo & Del Sol,23873656
SRS18700005,1,Crespo & Del Sol,23873656
SRS18700006,1,Crespo & Del Sol,23873656
SRS18700007,1,Crespo & Del Sol,23873656
SRS18700008,1,Crespo & Del Sol,23873656
SRS18700009,1,Crespo & Del Sol,23873656
SRS18700010,1,Crespo & Del Sol,23873656
SRS18700011,1,Crespo & Del Sol,23873656
SRS18700012,1,Crespo & Del Sol,23873656
SRS18700013,1,Crespo & Del Sol,23873656
SRS18700014,1,Crespo & Del Sol,23873656
SRS18700015,1,Crespo & Del Sol,23873656
SRS18700016,1,Crespo & Del Sol,23873656
SRS18700017,1,Crespo & Del Sol,23873656
SRS18700018,1,Crespo & Del Sol,23873656
SRS18700020,1,Crespo & Del Sol,23873656
SRS18700021,1,Crespo & Del Sol,23873656
SRS18700022,1,Crespo & Del Sol,23873656
SRS18700023,1,Crespo & Del Sol,23873656
SRS18700024,1,Crespo & Del Sol,23873656
SRS18700025,1,Crespo & Del Sol,23873656
SRS18700026,1,Crespo & Del Sol,23873656
SRS18700027,1,Crespo & Del Sol,23873656
SRS18700028,1,Crespo & Del Sol,23873656
SRS18700029,1,Crespo & Del Sol,23873656
SRS18700030,1,Crespo & Del Sol,23873656
SRS18700031,1,Crespo & Del Sol,23873656
SRS18700032,1,Crespo & Del Sol,23873656
SRS18700033,1,Crespo & Del Sol,23873656
SRS18700034,1,Crespo & Del Sol,23873656
SRS18700035,1,Crespo & Del Sol,23873656
SRS18700036,1,Crespo & Del Sol,23873656
SRS18700037,1,Crespo & Del Sol,23873656
SRS18700038,1,Crespo & Del Sol,23873656
SRS18700039,1,Crespo & Del Sol,23873656
SRS18700040,1,Crespo & Del Sol,23873656
SRS18700041,1,Crespo & Del Sol,23873656
SRS18700042,1,Crespo & Del Sol,23873656
SRS18700043,1,Crespo & Del Sol,23873656
SRS18700044,1,Crespo & Del Sol,23873656
SRS18700045,1,Crespo & Del Sol,23873656
SRS18700046,1,Crespo & Del Sol,23873656
SRS18700047,1,Crespo & Del Sol,23873656
SRS18700048,1,Crespo & Del Sol,23873656
SRS18700049,1,Crespo & Del Sol,23873656
SRS18700050,1,Crespo & Del Sol,23873656
SRS18700051,1,Crespo & Del Sol,23873656
SRS18700052,1,Crespo & Del Sol,23873656
SRS18700053,1,Crespo & Del Sol,23873656
SRS18700054,1,Crespo & Del Sol,23873656
SRS18700055,1,Crespo & Del Sol,23873656
SRS18700056,1,Crespo & Del Sol,23873656
SRS18700057,1,Crespo & Del Sol,23873656
SRS18700058,1,Crespo & Del Sol,23873656
SRS2053976,1,Crespo & Del Sol,23873656
SRS2053977,1,Crespo & Del Sol,23873656
SRS2053978,1,Crespo & Del Sol,23873656
SRS2053979,1,Crespo & Del Sol,23873656
SRS2053980,1,Crespo & Del Sol,23873656
SRS2053981,1,Crespo & Del Sol,23873656
SRS2053982,1,Crespo & Del Sol,23873656
SRS2053983,1,Crespo & Del Sol,23873656
SRS2053984,1,Crespo & Del Sol,23873656
SRS2053985,1,Crespo & Del Sol,23873656
SRS2053986,1,Crespo & Del Sol,23873656
SRS2053987,1,Crespo & Del Sol,23873656
SRS2053988,1,Crespo & Del Sol,23873656
SRS2053989,1,Crespo & Del Sol,23873656
SRS2053990,1,Crespo & Del Sol,23873656
SRS2053991,1,Crespo & Del Sol,23873656
SRS2053992,1,Crespo & Del Sol,23873656
SRS2053993,1,Crespo & Del Sol,23873656
SRS2053994,1,Crespo & Del Sol,23873656
SRS2053995,1,Crespo & Del Sol,23873656
SRS2053996,1,Crespo & Del Sol,23873656
SRS2053997,1,Crespo & Del Sol,23873656
SRS2053998,1,Crespo & Del Sol,23873656
SRS2053999,1,Crespo & Del Sol,23873656
SRS2054000,1,Crespo & Del Sol,23873656
SRS2054001,1,Crespo & Del Sol,23873656
SRS2054002,1,Crespo & Del Sol,23873656
SRS2054003,1,Crespo & Del Sol,23873656
SRS2054004,1,Crespo & Del Sol,23873656
SRS2054005,1,Crespo & Del Sol,23873656
SRS2054006,1,Crespo & Del Sol,23873656
SRS2054007,1,Crespo & Del Sol,23873656
SRS2054008,1,Crespo & Del Sol,23873656
SRS2054009,1,Crespo & Del Sol,23873656
SRS2054010,1,Crespo & Del Sol,23873656
SRS2054011,1,Crespo & Del Sol,23873656
SRS2054012,1,Crespo & Del Sol,23873656
SRS2054013,1,Crespo & Del Sol,23873656
SRS2054014,1,Crespo & Del Sol,23873656
SRS2054015,1,Crespo & Del Sol,23873656
SRS2054016,1,Crespo & Del Sol,23873656
SRS2054017,1,Crespo & Del Sol,23873656
SRS2054018,1,Crespo & Del Sol,23873656
SRS2054019,1,Crespo & Del Sol,23873656
SRS2054020,1,Crespo & Del Sol,23873656
SRS2054021,1,Crespo & Del Sol,23873656
SRS2054022,1,Crespo & Del Sol,23873656
SRS2054023,1,Crespo & Del Sol,23873656
SRS2054024,1,Crespo & Del Sol,23873656
SRS2054025,1,Crespo & Del Sol,23873656
SRS2054026,1,Crespo & Del Sol,23873656
SRS2054027,1,Crespo & Del Sol,23873656
SRS2054028,1,Crespo & Del Sol,23873656
SRS2054029,1,Crespo & Del Sol,23873656
SRS2054030,1,Crespo & Del Sol,23873656
SRS2054031,1,Crespo & Del Sol,23873656
SRS2054032,1,Crespo & Del Sol,23873656
SRS2054033,1,Crespo & Del Sol,23873656
SRS2054034,1,Crespo & Del Sol,23873656
SRS2054035,1,Crespo & Del Sol,23873656
SRS2054036,1,Crespo & Del Sol,23873656
SRS2054037,1,Crespo & Del Sol,23873656
SRS2054038,1,Crespo & Del Sol,23873656
SRS2054039,1,Crespo & Del Sol,23873656
SRS2054040,1,Crespo & Del Sol,23873656
SRS2054041,1,Crespo & Del Sol,23873656
SRS2054042,1,Crespo & Del Sol,23873656
SRS2054043,1,Crespo & Del Sol,23873656
SRS2054044,1,Crespo & Del Sol,23873656
SRS2054045,1,Crespo & Del Sol,23873656
SRS2054046,1,Crespo & Del Sol,23873656
SRS2054047,1,Crespo & Del Sol,23873656
SRS2054048,1,Crespo & Del Sol,23873656
SRS2054049,1,Crespo & Del Sol,23873656
SRS2054050,1,Crespo & Del Sol,23873656
SRS2054051,1,Crespo & Del Sol,23873656
SRS2054052,1,Crespo & Del Sol,23873656
SRS2054053,1,Crespo & Del Sol,23873656
SRS2054054,1,Crespo & Del Sol,23873656
SRS2054055,1,Crespo & Del Sol,23873656
SRS2054056,1,Crespo & Del Sol,23873656
SRS2054057,1,Crespo & Del Sol,23873656
SRS2054058,1,Crespo & Del Sol,23873656
SRS2054059,1,Crespo & Del Sol,23873656
SRS2054060,1,Crespo & Del Sol,23873656
SRS2054061,1,Crespo & Del Sol,23873656
SRS2054062,1,Crespo & Del Sol,23873656
SRS2054063,1,Crespo & Del Sol,23873656
SRS2054064,1,Crespo & Del Sol,23873656
SRS2054065,1,Crespo & Del Sol,23873656
SRS2054066,1,Crespo & Del Sol,23873656
SRS2054067,1,Crespo & Del Sol,23873656
SRS2054068,1,Crespo & Del Sol,23873656
SRS2054069,1,Crespo & Del Sol,23873656
SRS2054070,1,Crespo & Del Sol,23873656
SRS2054071,1,Crespo & Del Sol,23873656
SRS2054072,1,Crespo & Del Sol,23873656
SRS2054073,1,Crespo & Del Sol,23873656
SRS2054074,1,Crespo & Del Sol,23873656
SRS2054075,1,Crespo & Del Sol,23873656
SRS2054076,1,Crespo & Del Sol,23873656
SRS2054077,1,Crespo & Del Sol,23873656
SRS2054078,1,Crespo & Del Sol,23873656
SRS2054079,1,Crespo & Del Sol,23873656
SRS2054080,1,Crespo & Del Sol,23873656
SRS2054081,1,Crespo & Del Sol,23873656
SRS2054082,1,Crespo & Del Sol,23873656
SRS2054083,1,Crespo & Del Sol,23873656
SRS2054084,1,Crespo & Del Sol,23873656
SRS2054085,1,Crespo & Del Sol,23873656
SRS2054086,1,Crespo & Del Sol,23873656
SRS2054087,1,Crespo & Del Sol,23873656
SRS2054088,1,Crespo & Del Sol,23873656
SRS2054089,1,Crespo & Del Sol,23873656
SRS2054090,1,Crespo & Del Sol,23873656
SRS2054091,1,Crespo & Del Sol,23873656
SRS2054092,1,Crespo & Del Sol,23873656
SRS2054093,1,Crespo & Del Sol,23873656
SRS2054094,1,Crespo & Del Sol,23873656
SRS2054095,1,Crespo & Del Sol,23873656
SRS2054096,1,Crespo & Del Sol,23873656
SRS2054097,1,Crespo & Del Sol,23873656
SRS2054098,1,Crespo & Del Sol,23873656
SRS2054099,1,Crespo & Del Sol,23873656
SRS2054100,1,Crespo & Del Sol,23873656
SRS2054101,1,Crespo & Del Sol,23873656
SRS2054102,1,Crespo & Del Sol,23873656
SRS2054103,1,Crespo & Del Sol,23873656
SRS2054104,1,Crespo & Del Sol,23873656
SRS2054105,1,Crespo & Del Sol,23873656
SRS2054106,1,Crespo & Del Sol,23873656
SRS2054107,1,Crespo & Del Sol,23873656
SRS2054108,1,Crespo & Del Sol,23873656
SRS2054109,1,Crespo & Del Sol,23873656
SRS2054110,1,Crespo & Del Sol,23873656
SRS2054111,1,Crespo & Del Sol,23873656
SRS2054112,1,Crespo & Del Sol,23873656
SRS2054113,1,Crespo & Del Sol,23873656
SRS2054114,1,Crespo & Del Sol,23873656
SRS2054115,1,Crespo & Del Sol,23873656
SRS2054116,1,Crespo & Del Sol,23873656
SRS2054117,1,Crespo & Del Sol,23873656
SRS2054118,1,Crespo & Del Sol,23873656
SRS2054119,1,Crespo & Del Sol,23873656
SRS2054120,1,Crespo & Del Sol,23873656
SRS2054121,1,Crespo & Del Sol,23873656
SRS2054122,1,Crespo & Del Sol,23873656
SRS2054123,1,Crespo & Del Sol,23873656
SRS2054124,1,Crespo & Del Sol,23873656
SRS2054125,1,Crespo & Del Sol,23873656
SRS2054126,1,Crespo & Del Sol,23873656
SRS2054127,1,Crespo & Del Sol,23873656
SRS2054128,1,Crespo & Del Sol,23873656
SRS2054129,1,Crespo & Del Sol,23873656
SRS2054130,1,Crespo & Del Sol,23873656
SRS2054131,1,Crespo & Del Sol,23873656
SRS2054132,1,Crespo & Del Sol,23873656
SRS2054133,1,Crespo & Del Sol,23873656
SRS2054134,1,Crespo & Del Sol,23873656
SRS2054135,1,Crespo & Del Sol,23873656
SRS2054136,1,Crespo & Del Sol,23873656
SRS2054137,1,Crespo & Del Sol,23873656
SRS2054138,1,Crespo & Del Sol,23873656
SRS2054139,1,Crespo & Del Sol,23873656
SRS2054140,1,Crespo & Del Sol,23873656
SRS2054141,1,Crespo & Del Sol,23873656
SRS2054142,1,Crespo & Del Sol,23873656
SRS2054143,1,Crespo & Del Sol,23873656
SRS2054144,1,Crespo & Del Sol,23873656
SRS2054145,1,Crespo & Del Sol,23873656
SRS2054146,1,Crespo & Del Sol,23873656
SRS2054147,1,Crespo & Del Sol,23873656
SRS2054148,1,Crespo & Del Sol,23873656
SRS2054149,1,Crespo & Del Sol,23873656
SRS2054150,1,Crespo & Del Sol,23873656
SRS2054151,1,Crespo & Del Sol,23873656
SRS2054152,1,Crespo & Del Sol,23873656
SRS2054153,1,Crespo & Del Sol,23873656
SRS2054154,1,Crespo & Del Sol,23873656
SRS2054155,1,Crespo & Del Sol,23873656
SRS2054156,1,Crespo & Del Sol,23873656
SRS2054157,1,Crespo & Del Sol,23873656
SRS2054158,1,Crespo & Del Sol,23873656
SRS2054159,1,Crespo & Del Sol,23873656
SRS2054160,1,Crespo & Del Sol,23873656
SRS2054161,1,Crespo & Del Sol,23873656
SRS2054162,1,Crespo & Del Sol,23873656
SRS2054163,1,Crespo & Del Sol,23873656
SRS2054164,1,Crespo & Del Sol,23873656
SRS2054165,1,Crespo & Del Sol,23873656
SRS2054166,1,Crespo & Del Sol,23873656
SRS2054167,1,Crespo & Del Sol,23873656
SRS2054168,1,Crespo & Del Sol,23873656
SRS2054169,1,Crespo & Del Sol,23873656
SRS2054170,1,Crespo & Del Sol,23873656
SRS2054171,1,Crespo & Del Sol,23873656
SRS2054172,1,Crespo & Del Sol,23873656
SRS2054173,1,Crespo & Del Sol,23873656
SRS2054174,1,Crespo & Del Sol,23873656
SRS2054175,1,Crespo & Del Sol,23873656
SRS2054176,1,Crespo & Del Sol,23873656
SRS2054177,1,Crespo & Del Sol,23873656
SRS2054178,1,Crespo & Del Sol,23873656
SRS2054179,1,Crespo & Del Sol,23873656
SRS2054180,1,Crespo & Del Sol,23873656
SRS2054181,1,Crespo & Del Sol,23873656
SRS2054182,1,Crespo & Del Sol,23873656
SRS2054183,1,Crespo & Del Sol,23873656
SRS2054184,1,Crespo & Del Sol,23873656
SRS2054185,1,Crespo & Del Sol,23873656
SRS2054186,1,Crespo & Del Sol,23873656
SRS2054187,1,Crespo & Del Sol,23873656
SRS2054188,1,Crespo & Del Sol,23873656
SRS2054189,1,Crespo & Del Sol,23873656
SRS2054190,1,Crespo & Del Sol,23873656
SRS2054191,1,Crespo & Del Sol,23873656
SRS2054192,1,Crespo & Del Sol,23873656
SRS2054193,1,Crespo & Del Sol,23873656
SRS2054194,1,Crespo & Del Sol,23873656
SRS2054195,1,Crespo & Del Sol,23873656
SRS2054196,1,Crespo & Del Sol,23873656
SRS2054197,1,Crespo & Del Sol,23873656
SRS2054198,1,Crespo & Del Sol,23873656
SRS2054199,1,Crespo & Del Sol,23873656
SRS2054200,1,Crespo & Del Sol,23873656
SRS2054201,1,Crespo & Del Sol,23873656
SRS2054202,1,Crespo & Del Sol,23873656
SRS2054203,1,Crespo & Del Sol,23873656
SRS2054204,1,Crespo & Del Sol,23873656
SRS2054205,1,Crespo & Del Sol,23873656
SRS2054206,1,Crespo & Del Sol,23873656
SRS2054207,1,Crespo & Del Sol,23873656
SRS2054208,1,Crespo & Del Sol,23873656
SRS2054209,1,Crespo & Del Sol,23873656
SRS2054210,1,Crespo & Del Sol,23873656
SRS2054211,1,Crespo & Del Sol,23873656
SRS2054212,1,Crespo & Del Sol,23873656
SRS2054213,1,Crespo & Del Sol,23873656
SRS2054214,1,Crespo & Del Sol,23873656
SRS2054215,1,Crespo & Del Sol,23873656
SRS2054216,1,Crespo & Del Sol,23873656
SRS2054217,1,Crespo & Del Sol,23873656
SRS2054218,1,Crespo & Del Sol,23873656
SRS2054219,1,Crespo & Del Sol,23873656
SRS2054220,1,Crespo & Del Sol,23873656
SRS2054221,1,Crespo & Del Sol,23873656
SRS2054222,1,Crespo & Del Sol,23873656
SRS2054223,1,Crespo & Del Sol,23873656
SRS2054224,1,Crespo & Del Sol,23873656
SRS2054225,1,Crespo & Del Sol,23873656
SRS2054226,1,Crespo & Del Sol,23873656
SRS2054227,1,Crespo & Del Sol,23873656
SRS2054228,1,Crespo & Del Sol,23873656
SRS2054229,1,Crespo & Del Sol,23873656
SRS2054230,1,Crespo & Del Sol,23873656
SRS2054231,1,Crespo & Del Sol,23873656
SRS2054232,1,Crespo & Del Sol,23873656
SRS2054233,1,Crespo & Del Sol,23873656
SRS2054234,1,Crespo & Del Sol,23873656
SRS2054235,1,Crespo & Del Sol,23873656
SRS2054236,1,Crespo & Del Sol,23873656
SRS2054237,1,Crespo & Del Sol,23873656
SRS2054238,1,Crespo & Del Sol,23873656
SRS2054239,1,Crespo & Del Sol,23873656
SRS2054240,1,Crespo & Del Sol,23873656
SRS2054241,1,Crespo & Del Sol,23873656
SRS2054242,1,Crespo & Del Sol,23873656
SRS2054243,1,Crespo & Del Sol,23873656
SRS2054244,1,Crespo & Del Sol,23873656
SRS2054245,1,Crespo & Del Sol,23873656
SRS2054246,1,Crespo & Del Sol,23873656
SRS2054247,1,Crespo & Del Sol,23873656
SRS2054248,1,Crespo & Del Sol,23873656
SRS2054249,1,Crespo & Del Sol,23873656
SRS2054250,1,Crespo & Del Sol,23873656
SRS2054251,1,Crespo & Del Sol,23873656
SRS2054252,1,Crespo & Del Sol,23873656
SRS2054253,1,Crespo & Del Sol,23873656
SRS2054254,1,Crespo & Del Sol,23873656
SRS2054255,1,Crespo & Del Sol,23873656
SRS2054256,1,Crespo & Del Sol,23873656
SRS2054257,1,Crespo & Del Sol,23873656
SRS2054258,1,Crespo & Del Sol,23873656
SRS2054259,1,Crespo & Del Sol,23873656
SRS2054260,1,Crespo & Del Sol,23873656
SRS2054261,1,Crespo & Del Sol,23873656
SRS2054262,1,Crespo & Del Sol,23873656
SRS2054263,1,Crespo & Del Sol,23873656
SRS2054264,1,Crespo & Del Sol,23873656
SRS2054265,1,Crespo & Del Sol,23873656
SRS2054266,1,Crespo & Del Sol,23873656
SRS2054267,1,Crespo & Del Sol,23873656
SRS2054268,1,Crespo & Del Sol,23873656
SRS2054269,1,Crespo & Del Sol,23873656
SRS2054270,1,Crespo & Del Sol,23873656
SRS2054271,1,Crespo & Del Sol,23873656
SRS2054272,1,Crespo & Del Sol,23873656
SRS2054273,1,Crespo & Del Sol,23873656
SRS2054274,1,Crespo & Del Sol,23873656
SRS2054275,1,Crespo & Del Sol,23873656
SRS2054276,1,Crespo & Del Sol,23873656
SRS2054277,1,Crespo & Del Sol,23873656
SRS2054278,1,Crespo & Del Sol,23873656
SRS2054279,1,Crespo & Del Sol,23873656
SRS2054280,1,Crespo & Del Sol,23873656
SRS2054281,1,Crespo & Del Sol,23873656
SRS2054282,1,Crespo & Del Sol,23873656
SRS2054283,1,Crespo & Del Sol,23873656
SRS2054284,1,Crespo & Del Sol,23873656
SRS2054285,1,Crespo & Del Sol,23873656
SRS2054286,1,Crespo & Del Sol,23873656
SRS2054287,1,Crespo & Del Sol,23873656
SRS2054288,1,Crespo & Del Sol,23873656
SRS2054289,1,Crespo & Del Sol,23873656
SRS2054290,1,Crespo & Del Sol,23873656
SRS2054291,1,Crespo & Del Sol,23873656
SRS2054292,1,Crespo & Del Sol,23873656
SRS2054293,1,Crespo & Del Sol,23873656
SRS2054294,1,Crespo & Del Sol,23873656
SRS2054295,1,Crespo & Del Sol,23873656
SRS2054296,1,Crespo & Del Sol,23873656
SRS2054297,1,Crespo & Del Sol,23873656
SRS2054298,1,Crespo & Del Sol,23873656
SRS2054299,1,Crespo & Del Sol,23873656
SRS2054300,1,Crespo & Del Sol,23873656
SRS2054301,1,Crespo & Del Sol,23873656
SRS2054302,1,Crespo & Del Sol,23873656
SRS2054303,1,Crespo & Del Sol,23873656
SRS2054304,1,Crespo & Del Sol,23873656
SRS2054305,1,Crespo & Del Sol,23873656
SRS2054306,1,Crespo & Del Sol,23873656
SRS2054307,1,Crespo & Del Sol,23873656
SRS2054308,1,Crespo & Del Sol,23873656
SRS2054309,1,Crespo & Del Sol,23873656
SRS2054310,1,Crespo & Del Sol,23873656
SRS2054311,1,Crespo & Del Sol,23873656
SRS2054312,1,Crespo & Del Sol,23873656
SRS2054313,1,Crespo & Del Sol,23873656
SRS2054314,1,Crespo & Del Sol,23873656
SRS2054315,1,Crespo & Del Sol,23873656
SRS2054316,1,Crespo & Del Sol,23873656
SRS2054317,1,Crespo & Del Sol,23873656
SRS2054318,1,Crespo & Del Sol,23873656
SRS2054319,1,Crespo & Del Sol,23873656
SRS2054320,1,Crespo & Del Sol,23873656
SRS2054321,1,Crespo & Del Sol,23873656
SRS2054322,1,Crespo & Del Sol,23873656
SRS2054323,1,Crespo & Del Sol,23873656
SRS2054324,1,Crespo & Del Sol,23873656
SRS2054325,1,Crespo & Del Sol,23873656
SRS2054326,1,Crespo & Del Sol,23873656
SRS2054327,1,Crespo & Del Sol,23873656
SRS2054328,1,Crespo & Del Sol,23873656
SRS2054329,1,Crespo & Del Sol,23873656
SRS2054330,1,Crespo & Del Sol,23873656
SRS2054331,1,Crespo & Del Sol,23873656
SRS2054332,1,Crespo & Del Sol,23873656
SRS2054333,1,Crespo & Del Sol,23873656
SRS2054334,1,Crespo & Del Sol,23873656
SRS2054335,1,Crespo & Del Sol,23873656
SRS2054336,1,Crespo & Del Sol,23873656
SRS2054337,1,Crespo & Del Sol,23873656
SRS2054338,1,Crespo & Del Sol,23873656
SRS2054339,1,Crespo & Del Sol,23873656
SRS2054340,1,Crespo & Del Sol,23873656
SRS2054341,1,Crespo & Del Sol,23873656
SRS2054342,1,Crespo & Del Sol,23873656
SRS2054343,1,Crespo & Del Sol,23873656
SRS2054344,1,Crespo & Del Sol,23873656
SRS2054345,1,Crespo & Del Sol,23873656
SRS2054346,1,Crespo & Del Sol,23873656
SRS2054347,1,Crespo & Del Sol,23873656
SRS2054348,1,Crespo & Del Sol,23873656
SRS2054349,1,Crespo & Del Sol,23873656
SRS2054350,1,Crespo & Del Sol,23873656
SRS2054351,1,Crespo & Del Sol,23873656
SRS2054352,1,Crespo & Del Sol,23873656
SRS2054353,1,Crespo & Del Sol,23873656
SRS2054354,1,Crespo & Del Sol,23873656
SRS2054355,1,Crespo & Del Sol,23873656
SRS2054356,1,Crespo & Del Sol,23873656
SRS2054357,1,Crespo & Del Sol,23873656
SRS2054358,1,Crespo & Del Sol,23873656
SRS2054359,1,Crespo & Del Sol,23873656
SRS2054360,1,Crespo & Del Sol,23873656
SRS2054361,1,Crespo & Del Sol,23873656
SRS2054362,1,Crespo & Del Sol,23873656
SRS2054363,1,Crespo & Del Sol,23873656
SRS2054364,1,Crespo & Del Sol,23873656
SRS2054365,1,Crespo & Del Sol,23873656
SRS2054366,1,Crespo & Del Sol,23873656
SRS2054367,1,Crespo & Del Sol,23873656
SRS2054368,1,Crespo & Del Sol,23873656
SRS2054369,1,Crespo & Del Sol,23873656
SRS2054370,1,Crespo & Del Sol,23873656
SRS2054371,1,Crespo & Del Sol,23873656
SRS2054372,1,Crespo & Del Sol,23873656
SRS2054373,1,Crespo & Del Sol,23873656
SRS2054374,1,Crespo & Del Sol,23873656
SRS2054375,1,Crespo & Del Sol,23873656
SRS2054376,1,Crespo & Del Sol,23873656
SRS2054377,1,Crespo & Del Sol,23873656
SRS2054378,1,Crespo & Del Sol,23873656
SRS2054379,1,Crespo & Del Sol,23873656
SRS2054380,1,Crespo & Del Sol,23873656
SRS2054381,1,Crespo & Del Sol,23873656
SRS2054382,1,Crespo & Del Sol,23873656
SRS2054383,1,Crespo & Del Sol,23873656
SRS2054384,1,Crespo & Del Sol,23873656
SRS2054385,1,Crespo & Del Sol,23873656
SRS2054386,1,Crespo & Del Sol,23873656
SRS2054387,1,Crespo & Del Sol,23873656
SRS2054388,1,Crespo & Del Sol,23873656
SRS2054389,1,Crespo & Del Sol,23873656
SRS2054390,1,Crespo & Del Sol,23873656
SRS2054391,1,Crespo & Del Sol,23873656
SRS2054392,1,Crespo & Del Sol,23873656
SRS2054393,1,Crespo & Del Sol,23873656
SRS2054394,1,Crespo & Del Sol,23873656
SRS2054395,1,Crespo & Del Sol,23873656
SRS2054396,1,Crespo & Del Sol,23873656
SRS2054397,1,Crespo & Del Sol,23873656
SRS2054398,1,Crespo & Del Sol,23873656
SRS2054399,1,Crespo & Del Sol,23873656
SRS2054400,1,Crespo & Del Sol,23873656
SRS2054401,1,Crespo & Del Sol,23873656
SRS2054402,1,Crespo & Del Sol,23873656
SRS2054403,1,Crespo & Del Sol,23873656
SRS2054404,1,Crespo & Del Sol,23873656
SRS2054405,1,Crespo & Del Sol,23873656
SRS2054406,1,Crespo & Del Sol,23873656
SRS2054407,1,Crespo & Del Sol,23873656
SRS2054408,1,Crespo & Del Sol,23873656
SRS2054409,1,Crespo & Del Sol,23873656
SRS2054410,1,Crespo & Del Sol,23873656
SRS2054411,1,Crespo & Del Sol,23873656
SRS2054412,1,Crespo & Del Sol,23873656
SRS2054413,1,Crespo & Del Sol,23873656
SRS2054414,1,Crespo & Del Sol,23873656
SRS2054415,1,Crespo & Del Sol,23873656
SRS2054416,1,Crespo & Del Sol,23873656
SRS2054417,1,Crespo & Del Sol,23873656
SRS2054418,1,Crespo & Del Sol,23873656
SRS2054419,1,Crespo & Del Sol,23873656
SRS2054420,1,Crespo & Del Sol,23873656
SRS2054421,1,Crespo & Del Sol,23873656
SRS2054422,1,Crespo & Del Sol,23873656
SRS2054423,1,Crespo & Del Sol,23873656
SRS2054424,1,Crespo & Del Sol,23873656
SRS2054425,1,Crespo & Del Sol,23873656
SRS2054426,1,Crespo & Del Sol,23873656
SRS2054427,1,Crespo & Del Sol,23873656
SRS2054428,1,Crespo & Del Sol,23873656
SRS2054429,1,Crespo & Del Sol,23873656
SRS2054430,1,Crespo & Del Sol,23873656
SRS2054431,1,Crespo & Del Sol,23873656
SRS2054432,1,Crespo & Del Sol,23873656
SRS2054433,1,Crespo & Del Sol,23873656
SRS2054434,1,Crespo & Del Sol,23873656
SRS2054435,1,Crespo & Del Sol,23873656
SRS2054436,1,Crespo & Del Sol,23873656
SRS2054437,1,Crespo & Del Sol,23873656
SRS2054438,1,Crespo & Del Sol,23873656
SRS2054439,1,Crespo & Del Sol,23873656
SRS2054440,1,Crespo & Del Sol,23873656
SRS2054441,1,Crespo & Del Sol,23873656
SRS2054442,1,Crespo & Del Sol,23873656
SRS2054443,1,Crespo & Del Sol,23873656
SRS2054444,1,Crespo & Del Sol,23873656
SRS2054445,1,Crespo & Del Sol,23873656
SRS2054446,1,Crespo & Del Sol,23873656
SRS2054447,1,Crespo & Del Sol,23873656
SRS2054448,1,Crespo & Del Sol,23873656
SRS2054449,1,Crespo & Del Sol,23873656
SRS2054450,1,Crespo & Del Sol,23873656
SRS2054451,1,Crespo & Del Sol,23873656
SRS2054452,1,Crespo & Del Sol,23873656
SRS2054453,1,Crespo & Del Sol,23873656
SRS2054454,1,Crespo & Del Sol,23873656
SRS2054455,1,Crespo & Del Sol,23873656
SRS2054456,1,Crespo & Del Sol,23873656
SRS2054457,1,Crespo & Del Sol,23873656
SRS2054458,1,Crespo & Del Sol,23873656
SRS2054459,1,Crespo & Del Sol,23873656
SRS2054460,1,Crespo & Del Sol,23873656
SRS2054461,1,Crespo & Del Sol,23873656
SRS2054462,1,Crespo & Del Sol,23873656
SRS2054463,1,Crespo & Del Sol,23873656
SRS2054464,1,Crespo & Del Sol,23873656
SRS2054465,1,Crespo & Del Sol,23873656
SRS2054466,1,Crespo & Del Sol,23873656
SRS2054467,1,Crespo & Del Sol,23873656
SRS2054468,1,Crespo & Del Sol,23873656
SRS2054469,1,Crespo & Del Sol,23873656
SRS2054470,1,Crespo & Del Sol,23873656
SRS2054471,1,Crespo & Del Sol,23873656
SRS2054472,1,Crespo & Del Sol,23873656
SRS2054473,1,Crespo & Del Sol,23873656
SRS2054474,1,Crespo & Del Sol,23873656
SRS2054475,1,Crespo & Del Sol,23873656
SRS2054476,1,Crespo & Del Sol,23873656
SRS2054477,1,Crespo & Del Sol,23873656
SRS2054478,1,Crespo & Del Sol,23873656
SRS2054479,1,Crespo & Del Sol,23873656
SRS2054480,1,Crespo & Del Sol,23873656
SRS2054481,1,Crespo & Del Sol,23873656
SRS2054482,1,Crespo & Del Sol,23873656
SRS2054483,1,Crespo & Del Sol,23873656
SRS2054484,1,Crespo & Del Sol,23873656
SRS2054485,1,Crespo & Del Sol,23873656
SRS2054486,1,Crespo & Del Sol,23873656
SRS2054487,1,Crespo & Del Sol,23873656
SRS2054488,1,Crespo & Del Sol,23873656
SRS2054489,1,Crespo & Del Sol,23873656
SRS2054490,1,Crespo & Del Sol,23873656
SRS2054491,1,Crespo & Del Sol,23873656
SRS2054492,1,Crespo & Del Sol,23873656
SRS2054493,1,Crespo & Del Sol,23873656
SRS2054494,1,Crespo & Del Sol,23873656
SRS2054495,1,Crespo & Del Sol,23873656
SRS2054496,1,Crespo & Del Sol,23873656
SRS2054497,1,Crespo & Del Sol,23873656
SRS2054498,1,Crespo & Del Sol,23873656
SRS2054499,1,Crespo & Del Sol,23873656
SRS2054500,1,Crespo & Del Sol,23873656
SRS2054501,1,Crespo & Del Sol,23873656
SRS2054502,1,Crespo & Del Sol,23873656
SRS2054503,1,Crespo & Del Sol,23873656
SRS2054504,1,Crespo & Del Sol,23873656
SRS2054505,1,Crespo & Del Sol,23873656
SRS2054506,1,Crespo & Del Sol,23873656
SRS2054507,1,Crespo & Del Sol,23873656
SRS2054508,1,Crespo & Del Sol,23873656
SRS2054509,1,Crespo & Del Sol,23873656
SRS2054510,1,Crespo & Del Sol,23873656
SRS2054511,1,Crespo & Del Sol,23873656
SRS2054512,1,Crespo & Del Sol,23873656
SRS2054513,1,Crespo & Del Sol,23873656
SRS2054514,1,Crespo & Del Sol,23873656
SRS2054515,1,Crespo & Del Sol,23873656
SRS2054516,1,Crespo & Del Sol,23873656
SRS2054517,1,Crespo & Del Sol,23873656
SRS2054518,1,Crespo & Del Sol,23873656
SRS2054519,1,Crespo & Del Sol,23873656
SRS2054520,1,Crespo & Del Sol,23873656
SRS2054521,1,Crespo & Del Sol,23873656
SRS2054522,1,Crespo & Del Sol,23873656
SRS2054523,1,Crespo & Del Sol,23873656
SRS2054524,1,Crespo & Del Sol,23873656
SRS2054525,1,Crespo & Del Sol,23873656
SRS2054526,1,Crespo & Del Sol,23873656
SRS2054527,1,Crespo & Del Sol,23873656
SRS2054528,1,Crespo & Del Sol,23873656
SRS2054529,1,Crespo & Del Sol,23873656
SRS2054530,1,Crespo & Del Sol,23873656
SRS2054531,1,Crespo & Del Sol,23873656
SRS2054532,1,Crespo & Del Sol,23873656
SRS2054533,1,Crespo & Del Sol,23873656
SRS2054534,1,Crespo & Del Sol,23873656
SRS2054535,1,Crespo & Del Sol,23873656
SRS2054536,1,Crespo & Del Sol,23873656
SRS2054537,1,Crespo & Del Sol,23873656
SRS2054538,1,Crespo & Del Sol,23873656
SRS2054539,1,Crespo & Del Sol,23873656
SRS2054540,1,Crespo & Del Sol,23873656
SRS2054541,1,Crespo & Del Sol,23873656
SRS2054542,1,Crespo & Del Sol,23873656
SRS2054543,1,Crespo & Del Sol,23873656
SRS2054544,1,Crespo & Del Sol,23873656
SRS2054545,1,Crespo & Del Sol,23873656
SRS2054546,1,Crespo & Del Sol,23873656
SRS2054547,1,Crespo & Del Sol,23873656
SRS2054548,1,Crespo & Del Sol,23873656
SRS2197377,1,Crespo & Del Sol,23873656
SRS2197378,1,Crespo & Del Sol,23873656
SRS2197379,1,Crespo & Del Sol,23873656
SRS2197380,1,Crespo & Del Sol,23873656
SRS2197381,1,Crespo & Del Sol,23873656
SRS2197382,1,Crespo & Del Sol,23873656
SRS2197383,1,Crespo & Del Sol,23873656
SRS2197384,1,Crespo & Del Sol,23873656
SRS2197385,1,Crespo & Del Sol,23873656
SRS2197386,1,Crespo & Del Sol,23873656
SRS2197387,1,Crespo & Del Sol,23873656
SRS2197388,1,Crespo & Del Sol,23873656
SRS2197389,1,Crespo & Del Sol,23873656
SRS2197390,1,Crespo & Del Sol,23873656
SRS2197391,1,Crespo & Del Sol,23873656
SRS2197392,1,Crespo & Del Sol,23873656
SRS2197393,1,Crespo & Del Sol,23873656
SRS2197394,1,Crespo & Del Sol,23873656
SRS2197395,1,Crespo & Del Sol,23873656
SRS2197396,1,Crespo & Del Sol,23873656
SRS2197397,1,Crespo & Del Sol,23873656
SRS2197398,1,Crespo & Del Sol,23873656
SRS2197399,1,Crespo & Del Sol,23873656
SRS2197400,1,Crespo & Del Sol,23873656
SRS2197401,1,Crespo & Del Sol,23873656
SRS2197402,1,Crespo & Del Sol,23873656
SRS2197403,1,Crespo & Del Sol,23873656
SRS2197404,1,Crespo & Del Sol,23873656
SRS2197405,1,Crespo & Del Sol,23873656
SRS2197406,1,Crespo & Del Sol,23873656
SRS2197407,1,Crespo & Del Sol,23873656
SRS2197408,1,Crespo & Del Sol,23873656
SRS2197409,1,Crespo & Del Sol,23873656
SRS2197410,1,Crespo & Del Sol,23873656
SRS2197411,1,Crespo & Del Sol,23873656
SRS2197412,1,Crespo & Del Sol,23873656
SRS2197413,1,Crespo & Del Sol,23873656
SRS2197414,1,Crespo & Del Sol,23873656
SRS2197415,1,Crespo & Del Sol,23873656
SRS2197416,1,Crespo & Del Sol,23873656
SRS2197417,1,Crespo & Del Sol,23873656
SRS2197418,1,Crespo & Del Sol,23873656
SRS2197419,1,Crespo & Del Sol,23873656
SRS2197420,1,Crespo & Del Sol,23873656
SRS2197421,1,Crespo & Del Sol,23873656
SRS2197422,1,Crespo & Del Sol,23873656
SRS2197423,1,Crespo & Del Sol,23873656
SRS2197424,1,Crespo & Del Sol,23873656
SRS2197425,1,Crespo & Del Sol,23873656
SRS2197426,1,Crespo & Del Sol,23873656
SRS2197427,1,Crespo & Del Sol,23873656
SRS2197428,1,Crespo & Del Sol,23873656
SRS2197429,1,Crespo & Del Sol,23873656
SRS2197430,1,Crespo & Del Sol,23873656
SRS2197431,1,Crespo & Del Sol,23873656
SRS2197432,1,Crespo & Del Sol,23873656
SRS2197433,1,Crespo & Del Sol,23873656
SRS2197434,1,Crespo & Del Sol,23873656
SRS2197435,1,Crespo & Del Sol,23873656
SRS2197436,1,Crespo & Del Sol,23873656
SRS2197437,1,Crespo & Del Sol,23873656
SRS2197438,1,Crespo & Del Sol,23873656
SRS2197439,1,Crespo & Del Sol,23873656
SRS2197440,1,Crespo & Del Sol,23873656
SRS2197441,1,Crespo & Del Sol,23873656
SRS2197442,1,Crespo & Del Sol,23873656
SRS2197443,1,Crespo & Del Sol,23873656
SRS2197444,1,Crespo & Del Sol,23873656
SRS2197445,1,Crespo & Del Sol,23873656
SRS2197446,1,Crespo & Del Sol,23873656
SRS2197447,1,Crespo & Del Sol,23873656
SRS2197448,1,Crespo & Del Sol,23873656
SRS2197449,1,Crespo & Del Sol,23873656
SRS2197450,1,Crespo & Del Sol,23873656
SRS2197451,1,Crespo & Del Sol,23873656
SRS2197452,1,Crespo & Del Sol,23873656
SRS2197453,1,Crespo & Del Sol,23873656
SRS2197454,1,Crespo & Del Sol,23873656
SRS2197455,1,Crespo & Del Sol,23873656
SRS2197456,1,Crespo & Del Sol,23873656
SRS2197457,1,Crespo & Del Sol,23873656
SRS2197458,1,Crespo & Del Sol,23873656
SRS2197459,1,Crespo & Del Sol,23873656
SRS2197460,1,Crespo & Del Sol,23873656
SRS2197461,1,Crespo & Del Sol,23873656
SRS2197462,1,Crespo & Del Sol,23873656
SRS2197463,1,Crespo & Del Sol,23873656
SRS2197464,1,Crespo & Del Sol,23873656
SRS2197465,1,Crespo & Del Sol,23873656
SRS2197466,1,Crespo & Del Sol,23873656
SRS2197467,1,Crespo & Del Sol,23873656
SRS2197468,1,Crespo & Del Sol,23873656
SRS2197469,1,Crespo & Del Sol,23873656
SRS2197470,1,Crespo & Del Sol,23873656
SRS2197471,1,Crespo & Del Sol,23873656
SRS2197472,1,Crespo & Del Sol,23873656
SRS2197473,1,Crespo & Del Sol,23873656
SRS2197474,1,Crespo & Del Sol,23873656
SRS2197475,1,Crespo & Del Sol,23873656
SRS2197476,1,Crespo & Del Sol,23873656
SRS2197477,1,Crespo & Del Sol,23873656
SRS2197478,1,Crespo & Del Sol,23873656
SRS2197479,1,Crespo & Del Sol,23873656
SRS2197480,1,Crespo & Del Sol,23873656
SRS2197481,1,Crespo & Del Sol,23873656
SRS2197482,1,Crespo & Del Sol,23873656
SRS2197483,1,Crespo & Del Sol,23873656
SRS2197484,1,Crespo & Del Sol,23873656
SRS2197485,1,Crespo & Del Sol,23873656
SRS2197486,1,Crespo & Del Sol,23873656
SRS2197487,1,Crespo & Del Sol,23873656
SRS2197488,1,Crespo & Del Sol,23873656
SRS2197489,1,Crespo & Del Sol,23873656
SRS2197490,1,Crespo & Del Sol,23873656
SRS2197491,1,Crespo & Del Sol,23873656
SRS2197492,1,Crespo & Del Sol,23873656
SRS2197493,1,Crespo & Del Sol,23873656
SRS2197494,1,Crespo & Del Sol,23873656
SRS2197495,1,Crespo & Del Sol,23873656
SRS2197496,1,Crespo & Del Sol,23873656
SRS2197497,1,Crespo & Del Sol,23873656
SRS2197498,1,Crespo & Del Sol,23873656
SRS2197499,1,Crespo & Del Sol,23873656
SRS2197500,1,Crespo & Del Sol,23873656
SRS2197501,1,Crespo & Del Sol,23873656
SRS2197502,1,Crespo & Del Sol,23873656
SRS2197503,1,Crespo & Del Sol,23873656
SRS2197504,1,Crespo & Del Sol,23873656
SRS2197505,1,Crespo & Del Sol,23873656
SRS2197506,1,Crespo & Del Sol,23873656
SRS2197507,1,Crespo & Del Sol,23873656
SRS2197508,1,Crespo & Del Sol,23873656
SRS2197509,1,Crespo & Del Sol,23873656
SRS2197510,1,Crespo & Del Sol,23873656
SRS2197511,1,Crespo & Del Sol,23873656
SRS2197512,1,Crespo & Del Sol,23873656
SRS2197513,1,Crespo & Del Sol,23873656
SRS2197514,1,Crespo & Del Sol,23873656
SRS2197515,1,Crespo & Del Sol,23873656
SRS2197516,1,Crespo & Del Sol,23873656
SRS2197517,1,Crespo & Del Sol,23873656
SRS2197518,1,Crespo & Del Sol,23873656
SRS2197519,1,Crespo & Del Sol,23873656
SRS2197520,1,Crespo & Del Sol,23873656
SRS2197521,1,Crespo & Del Sol,23873656
SRS2197522,1,Crespo & Del Sol,23873656
SRS2197523,1,Crespo & Del Sol,23873656
SRS2197524,1,Crespo & Del Sol,23873656
SRS2197525,1,Crespo & Del Sol,23873656
SRS2197526,1,Crespo & Del Sol,23873656
SRS2197527,1,Crespo & Del Sol,23873656
SRS2197528,1,Crespo & Del Sol,23873656
SRS2197529,1,Crespo & Del Sol,23873656
SRS2197530,1,Crespo & Del Sol,23873656
SRS2197531,1,Crespo & Del Sol,23873656
SRS2197532,1,Crespo & Del Sol,23873656
SRS2197533,1,Crespo & Del Sol,23873656
SRS2197534,1,Crespo & Del Sol,23873656
SRS2197535,1,Crespo & Del Sol,23873656
SRS2197536,1,Crespo & Del Sol,23873656
SRS2197537,1,Crespo & Del Sol,23873656
SRS2197538,1,Crespo & Del Sol,23873656
SRS2197539,1,Crespo & Del Sol,23873656
SRS2197540,1,Crespo & Del Sol,23873656
SRS2197541,1,Crespo & Del Sol,23873656
SRS2197542,1,Crespo & Del Sol,23873656
SRS2197543,1,Crespo & Del Sol,23873656
SRS2197544,1,Crespo & Del Sol,23873656
SRS2197545,1,Crespo & Del Sol,23873656
SRS2197546,1,Crespo & Del Sol,23873656
SRS2197547,1,Crespo & Del Sol,23873656
SRS2197548,1,Crespo & Del Sol,23873656
SRS2197549,1,Crespo & Del Sol,23873656
SRS2197550,1,Crespo & Del Sol,23873656
SRS2197551,1,Crespo & Del Sol,23873656
SRS2197552,1,Crespo & Del Sol,23873656
SRS2197553,1,Crespo & Del Sol,23873656
SRS2197554,1,Crespo & Del Sol,23873656
SRS2197555,1,Crespo & Del Sol,23873656
SRS2197556,1,Crespo & Del Sol,23873656
SRS2197557,1,Crespo & Del Sol,23873656
SRS2197558,1,Crespo & Del Sol,23873656
SRS2197559,1,Crespo & Del Sol,23873656
SRS2197560,1,Crespo & Del Sol,23873656
SRS2197561,1,Crespo & Del Sol,23873656
SRS2197562,1,Crespo & Del Sol,23873656
SRS2197563,1,Crespo & Del Sol,23873656
SRS2197564,1,Crespo & Del Sol,23873656
SRS2197565,1,Crespo & Del Sol,23873656
SRS2197566,1,Crespo & Del Sol,23873656
SRS2197567,1,Crespo & Del Sol,23873656
SRS2197568,1,Crespo & Del Sol,23873656
SRS2197569,1,Crespo & Del Sol,23873656
SRS2197570,1,Crespo & Del Sol,23873656
SRS2197571,1,Crespo & Del Sol,23873656
SRS2197572,1,Crespo & Del Sol,23873656
SRS2197573,1,Crespo & Del Sol,23873656
SRS2197574,1,Crespo & Del Sol,23873656
SRS2197575,1,Crespo & Del Sol,23873656
SRS2197576,1,Crespo & Del Sol,23873656
SRS2197577,1,Crespo & Del Sol,23873656
SRS2197578,1,Crespo & Del Sol,23873656
SRS2197579,1,Crespo & Del Sol,23873656
SRS2197580,1,Crespo & Del Sol,23873656
SRS2197581,1,Crespo & Del Sol,23873656
SRS2197582,1,Crespo & Del Sol,23873656
SRS2197583,1,Crespo & Del Sol,23873656
SRS2197584,1,Crespo & Del Sol,23873656
SRS2197585,1,Crespo & Del Sol,23873656
SRS2197586,1,Crespo & Del Sol,23873656
SRS2197587,1,Crespo & Del Sol,23873656
SRS2197588,1,Crespo & Del Sol,23873656
SRS23398077,1,Crespo & Del Sol,23873656
SRS23398078,1,Crespo & Del Sol,23873656
SRS6147723,1,Crespo & Del Sol,23873656
SRS8172322,1,Crespo & Del Sol,23873656
SRS8172323,1,Crespo & Del Sol,23873656
SRS8172324,1,Crespo & Del Sol,23873656
SRS8172325,1,Crespo & Del Sol,23873656
SRS8172326,1,Crespo & Del Sol,23873656
SRS8172327,1,Crespo & Del Sol,23873656
SRS8172328,1,Crespo & Del Sol,23873656
SRS8172329,1,Crespo & Del Sol,23873656
SRS8172330,1,Crespo & Del Sol,23873656
SRS8172331,1,Crespo & Del Sol,23873656
SRS8172332,1,Crespo & Del Sol,23873656
SRS8172333,1,Crespo & Del Sol,23873656
SRS8172334,1,Crespo & Del Sol,23873656
SRS8172335,1,Crespo & Del Sol,23873656
SRS8172336,1,Crespo & Del Sol,23873656
SRS8172337,1,Crespo & Del Sol,23873656
SRS8172338,1,Crespo & Del Sol,23873656
SRS8172339,1,Crespo & Del Sol,23873656
SRS8172340,1,Crespo & Del Sol,23873656
SRS8172341,1,Crespo & Del Sol,23873656
SRS8172342,1,Crespo & Del Sol,23873656
SRS8172343,1,Crespo & Del Sol,23873656
SRS8172344,1,Crespo & Del Sol,23873656
SRS8172345,1,Crespo & Del Sol,23873656
SRS8172346,1,Crespo & Del Sol,23873656
SRS8172347,1,Crespo & Del Sol,23873656
SRS8172348,1,Crespo & Del Sol,23873656
SRS8172349,1,Crespo & Del Sol,23873656
SRS8172350,1,Crespo & Del Sol,23873656
SRS8172351,1,Crespo & Del Sol,23873656
SRS8172352,1,Crespo & Del Sol,23873656
SRS8172353,1,Crespo & Del Sol,23873656
SRS8172354,1,Crespo & Del Sol,23873656
SRS8172355,1,Crespo & Del Sol,23873656
SRS8172356,1,Crespo & Del Sol,23873656
SRS8172357,1,Crespo & Del Sol,23873656
SRS8172358,1,Crespo & Del Sol,23873656
SRS8172359,1,Crespo & Del Sol,23873656
SRS8172360,1,Crespo & Del Sol,23873656
SRS8172361,1,Crespo & Del Sol,23873656
SRS8172362,1,Crespo & Del Sol,23873656
SRS8172363,1,Crespo & Del Sol,23873656
SRS8172364,1,Crespo & Del Sol,23873656
SRS8172365,1,Crespo & Del Sol,23873656
SRS8172366,1,Crespo & Del Sol,23873656
SRS8172367,1,Crespo & Del Sol,23873656
SRS8172368,1,Crespo & Del Sol,23873656
SRS8172369,1,Crespo & Del Sol,23873656
SRS8172370,1,Crespo & Del Sol,23873656
SRS8172371,1,Crespo & Del Sol,23873656
SRS8172372,1,Crespo & Del Sol,23873656
SRS8172373,1,Crespo & Del Sol,23873656
SRS8172374,1,Crespo & Del Sol,23873656
SRS8172375,1,Crespo & Del Sol,23873656
SRS8172376,1,Crespo & Del Sol,23873656
SRS8172377,1,Crespo & Del Sol,23873656
SRS8172378,1,Crespo & Del Sol,23873656
SRS8172379,1,Crespo & Del Sol,23873656
SRS8172380,1,Crespo & Del Sol,23873656
SRS8172381,1,Crespo & Del Sol,23873656
SRS8172382,1,Crespo & Del Sol,23873656
SRS8172383,1,Crespo & Del Sol,23873656
SRS8172384,1,Crespo & Del Sol,23873656
SRS8172385,1,Crespo & Del Sol,23873656
SRX10002954,1,Crespo & Del Sol,23873656
SRX10002955,1,Crespo & Del Sol,23873656
SRX10002956,1,Crespo & Del Sol,23873656
SRX10002957,1,Crespo & Del Sol,23873656
SRX10002958,1,Crespo & Del Sol,23873656
SRX10002959,1,Crespo & Del Sol,23873656
SRX10002960,1,Crespo & Del Sol,23873656
SRX10002961,1,Crespo & Del Sol,23873656
SRX10002962,1,Crespo & Del Sol,23873656
SRX10002963,1,Crespo & Del Sol,23873656
SRX10002964,1,Crespo & Del Sol,23873656
SRX10002965,1,Crespo & Del Sol,23873656
SRX10002966,1,Crespo & Del Sol,23873656
SRX10002967,1,Crespo & Del Sol,23873656
SRX10002968,1,Crespo & Del Sol,23873656
SRX10002969,1,Crespo & Del Sol,23873656
SRX10002970,1,Crespo & Del Sol,23873656
SRX10002971,1,Crespo & Del Sol,23873656
SRX10002972,1,Crespo & Del Sol,23873656
SRX10002973,1,Crespo & Del Sol,23873656
SRX10002974,1,Crespo & Del Sol,23873656
SRX10002975,1,Crespo & Del Sol,23873656
SRX10002976,1,Crespo & Del Sol,23873656
SRX10002977,1,Crespo & Del Sol,23873656
SRX10002978,1,Crespo & Del Sol,23873656
SRX10002979,1,Crespo & Del Sol,23873656
SRX10002980,1,Crespo & Del Sol,23873656
SRX10002981,1,Crespo & Del Sol,23873656
SRX10002982,1,Crespo & Del Sol,23873656
SRX10002983,1,Crespo & Del Sol,23873656
SRX10002984,1,Crespo & Del Sol,23873656
SRX10002985,1,Crespo & Del Sol,23873656
SRX10002986,1,Crespo & Del Sol,23873656
SRX10002987,1,Crespo & Del Sol,23873656
SRX10002988,1,Crespo & Del Sol,23873656
SRX10002989,1,Crespo & Del Sol,23873656
SRX10002990,1,Crespo & Del Sol,23873656
SRX10002991,1,Crespo & Del Sol,23873656
SRX10002992,1,Crespo & Del Sol,23873656
SRX10002993,1,Crespo & Del Sol,23873656
SRX10002994,1,Crespo & Del Sol,23873656
SRX10002995,1,Crespo & Del Sol,23873656
SRX10002996,1,Crespo & Del Sol,23873656
SRX10002997,1,Crespo & Del Sol,23873656
SRX10002998,1,Crespo & Del Sol,23873656
SRX10002999,1,Crespo & Del Sol,23873656
SRX10003000,1,Crespo & Del Sol,23873656
SRX10003001,1,Crespo & Del Sol,23873656
SRX10003002,1,Crespo & Del Sol,23873656
SRX10003003,1,Crespo & Del Sol,23873656
SRX10003004,1,Crespo & Del Sol,23873656
SRX10003005,1,Crespo & Del Sol,23873656
SRX10003006,1,Crespo & Del Sol,23873656
SRX10003007,1,Crespo & Del Sol,23873656
SRX10003008,1,Crespo & Del Sol,23873656
SRX10003009,1,Crespo & Del Sol,23873656
SRX10003010,1,Crespo & Del Sol,23873656
SRX10003011,1,Crespo & Del Sol,23873656
SRX10003012,1,Crespo & Del Sol,23873656
SRX10003013,1,Crespo & Del Sol,23873656
SRX10003014,1,Crespo & Del Sol,23873656
SRX10003015,1,Crespo & Del Sol,23873656
SRX10003016,1,Crespo & Del Sol,23873656
SRX10003017,1,Crespo & Del Sol,23873656
SRX12105518,1,Crespo & Del Sol,23873656
SRX12105519,1,Crespo & Del Sol,23873656
SRX12105520,1,Crespo & Del Sol,23873656
SRX12105521,1,Crespo & Del Sol,23873656
SRX12105522,1,Crespo & Del Sol,23873656
SRX12105523,1,Crespo & Del Sol,23873656
SRX12105524,1,Crespo & Del Sol,23873656
SRX12105525,1,Crespo & Del Sol,23873656
SRX12105526,1,Crespo & Del Sol,23873656
SRX12105527,1,Crespo & Del Sol,23873656
SRX12105528,1,Crespo & Del Sol,23873656
SRX12105529,1,Crespo & Del Sol,23873656
SRX12105530,1,Crespo & Del Sol,23873656
SRX12105531,1,Crespo & Del Sol,23873656
SRX12105532,1,Crespo & Del Sol,23873656
SRX12105533,1,Crespo & Del Sol,23873656
SRX12105534,1,Crespo & Del Sol,23873656
SRX12105535,1,Crespo & Del Sol,23873656
SRX12105536,1,Crespo & Del Sol,23873656
SRX12105537,1,Crespo & Del Sol,23873656
SRX12105538,1,Crespo & Del Sol,23873656
SRX12105539,1,Crespo & Del Sol,23873656
SRX12105540,1,Crespo & Del Sol,23873656
SRX12105541,1,Crespo & Del Sol,23873656
SRX12105542,1,Crespo & Del Sol,23873656
SRX12105543,1,Crespo & Del Sol,23873656
SRX12105544,1,Crespo & Del Sol,23873656
SRX12105545,1,Crespo & Del Sol,23873656
SRX12105546,1,Crespo & Del Sol,23873656
SRX12105547,1,Crespo & Del Sol,23873656
SRX17820754,1,Crespo & Del Sol,23873656
SRX17820755,1,Crespo & Del Sol,23873656
SRX17820756,1,Crespo & Del Sol,23873656
SRX17820757,1,Crespo & Del Sol,23873656
SRX17820758,1,Crespo & Del Sol,23873656
SRX17820759,1,Crespo & Del Sol,23873656
SRX17820760,1,Crespo & Del Sol,23873656
SRX17820761,1,Crespo & Del Sol,23873656
SRX20951857,1,Crespo & Del Sol,23873656
SRX20951858,1,Crespo & Del Sol,23873656
SRX20951859,1,Crespo & Del Sol,23873656
SRX20951860,1,Crespo & Del Sol,23873656
SRX20951861,1,Crespo & Del Sol,23873656
SRX20951862,1,Crespo & Del Sol,23873656
SRX20951863,1,Crespo & Del Sol,23873656
SRX20951864,1,Crespo & Del Sol,23873656
SRX20951865,1,Crespo & Del Sol,23873656
SRX20951866,1,Crespo & Del Sol,23873656
SRX20951867,1,Crespo & Del Sol,23873656
SRX20951868,1,Crespo & Del Sol,23873656
SRX20951869,1,Crespo & Del Sol,23873656
SRX20951870,1,Crespo & Del Sol,23873656
SRX20951871,1,Crespo & Del Sol,23873656
SRX20951872,1,Crespo & Del Sol,23873656
SRX21465040,1,Crespo & Del Sol,23873656
SRX21465042,1,Crespo & Del Sol,23873656
SRX21465044,1,Crespo & Del Sol,23873656
SRX21465046,1,Crespo & Del Sol,23873656
SRX21465048,1,Crespo & Del Sol,23873656
SRX21465050,1,Crespo & Del Sol,23873656
SRX21465122,1,Crespo & Del Sol,23873656
SRX21465123,1,Crespo & Del Sol,23873656
SRX21465124,1,Crespo & Del Sol,23873656
SRX21465125,1,Crespo & Del Sol,23873656
SRX21465126,1,Crespo & Del Sol,23873656
SRX21465127,1,Crespo & Del Sol,23873656
SRX21465128,1,Crespo & Del Sol,23873656
SRX21465129,1,Crespo & Del Sol,23873656
SRX21465130,1,Crespo & Del Sol,23873656
SRX21465131,1,Crespo & Del Sol,23873656
SRX21465132,1,Crespo & Del Sol,23873656
SRX21465133,1,Crespo & Del Sol,23873656
SRX21465135,1,Crespo & Del Sol,23873656
SRX21465136,1,Crespo & Del Sol,23873656
SRX21465137,1,Crespo & Del Sol,23873656
SRX21465138,1,Crespo & Del Sol,23873656
SRX21465139,1,Crespo & Del Sol,23873656
SRX21465140,1,Crespo & Del Sol,23873656
SRX21465141,1,Crespo & Del Sol,23873656
SRX21465142,1,Crespo & Del Sol,23873656
SRX21465143,1,Crespo & Del Sol,23873656
SRX21465144,1,Crespo & Del Sol,23873656
SRX21465145,1,Crespo & Del Sol,23873656
SRX21465146,1,Crespo & Del Sol,23873656
SRX21465147,1,Crespo & Del Sol,23873656
SRX21465148,1,Crespo & Del Sol,23873656
SRX21465149,1,Crespo & Del Sol,23873656
SRX21465150,1,Crespo & Del Sol,23873656
SRX21465151,1,Crespo & Del Sol,23873656
SRX21465152,1,Crespo & Del Sol,23873656
SRX21465153,1,Crespo & Del Sol,23873656
SRX21465154,1,Crespo & Del Sol,23873656
SRX21465155,1,Crespo & Del Sol,23873656
SRX21465156,1,Crespo & Del Sol,23873656
SRX21465157,1,Crespo & Del Sol,23873656
SRX21465158,1,Crespo & Del Sol,23873656
SRX21465159,1,Crespo & Del Sol,23873656
SRX21465160,1,Crespo & Del Sol,23873656
SRX21465161,1,Crespo & Del Sol,23873656
SRX21465162,1,Crespo & Del Sol,23873656
SRX21465163,1,Crespo & Del Sol,23873656
SRX21465164,1,Crespo & Del Sol,23873656
SRX21465165,1,Crespo & Del Sol,23873656
SRX21465166,1,Crespo & Del Sol,23873656
SRX21465167,1,Crespo & Del Sol,23873656
SRX21465168,1,Crespo & Del Sol,23873656
SRX21465169,1,Crespo & Del Sol,23873656
SRX21465170,1,Crespo & Del Sol,23873656
SRX21465171,1,Crespo & Del Sol,23873656
SRX21465172,1,Crespo & Del Sol,23873656
SRX21465173,1,Crespo & Del Sol,23873656
SRX2648766,1,Crespo & Del Sol,23873656
SRX2648767,1,Crespo & Del Sol,23873656
SRX2648768,1,Crespo & Del Sol,23873656
SRX2648769,1,Crespo & Del Sol,23873656
SRX2648770,1,Crespo & Del Sol,23873656
SRX2648771,1,Crespo & Del Sol,23873656
SRX2648772,1,Crespo & Del Sol,23873656
SRX2648773,1,Crespo & Del Sol,23873656
SRX2648774,1,Crespo & Del Sol,23873656
SRX2648775,1,Crespo & Del Sol,23873656
SRX2648776,1,Crespo & Del Sol,23873656
SRX2648777,1,Crespo & Del Sol,23873656
SRX2648778,1,Crespo & Del Sol,23873656
SRX2648779,1,Crespo & Del Sol,23873656
SRX2648780,1,Crespo & Del Sol,23873656
SRX2648781,1,Crespo & Del Sol,23873656
SRX2648782,1,Crespo & Del Sol,23873656
SRX2648783,1,Crespo & Del Sol,23873656
SRX2648784,1,Crespo & Del Sol,23873656
SRX2648785,1,Crespo & Del Sol,23873656
SRX2648786,1,Crespo & Del Sol,23873656
SRX2648787,1,Crespo & Del Sol,23873656
SRX2648788,1,Crespo & Del Sol,23873656
SRX2648789,1,Crespo & Del Sol,23873656
SRX2648790,1,Crespo & Del Sol,23873656
SRX2648791,1,Crespo & Del Sol,23873656
SRX2648792,1,Crespo & Del Sol,23873656
SRX2648793,1,Crespo & Del Sol,23873656
SRX2648794,1,Crespo & Del Sol,23873656
SRX2648795,1,Crespo & Del Sol,23873656
SRX2648796,1,Crespo & Del Sol,23873656
SRX2648797,1,Crespo & Del Sol,23873656
SRX2648798,1,Crespo & Del Sol,23873656
SRX2648799,1,Crespo & Del Sol,23873656
SRX2648800,1,Crespo & Del Sol,23873656
SRX2648801,1,Crespo & Del Sol,23873656
SRX2648802,1,Crespo & Del Sol,23873656
SRX2648803,1,Crespo & Del Sol,23873656
SRX2648804,1,Crespo & Del Sol,23873656
SRX2648805,1,Crespo & Del Sol,23873656
SRX2648806,1,Crespo & Del Sol,23873656
SRX2648807,1,Crespo & Del Sol,23873656
SRX2648808,1,Crespo & Del Sol,23873656
SRX2648809,1,Crespo & Del Sol,23873656
SRX2648810,1,Crespo & Del Sol,23873656
SRX2648811,1,Crespo & Del Sol,23873656
SRX2648812,1,Crespo & Del Sol,23873656
SRX2648813,1,Crespo & Del Sol,23873656
SRX2648814,1,Crespo & Del Sol,23873656
SRX2648815,1,Crespo & Del Sol,23873656
SRX2648816,1,Crespo & Del Sol,23873656
SRX2648817,1,Crespo & Del Sol,23873656
SRX2648818,1,Crespo & Del Sol,23873656
SRX2648819,1,Crespo & Del Sol,23873656
SRX2648820,1,Crespo & Del Sol,23873656
SRX2648821,1,Crespo & Del Sol,23873656
SRX2648822,1,Crespo & Del Sol,23873656
SRX2648823,1,Crespo & Del Sol,23873656
SRX2648824,1,Crespo & Del Sol,23873656
SRX2648825,1,Crespo & Del Sol,23873656
SRX2648826,1,Crespo & Del Sol,23873656
SRX2648827,1,Crespo & Del Sol,23873656
SRX2648828,1,Crespo & Del Sol,23873656
SRX2648829,1,Crespo & Del Sol,23873656
SRX2648830,1,Crespo & Del Sol,23873656
SRX2648831,1,Crespo & Del Sol,23873656
SRX2648832,1,Crespo & Del Sol,23873656
SRX2648833,1,Crespo & Del Sol,23873656
SRX2648834,1,Crespo & Del Sol,23873656
SRX2648835,1,Crespo & Del Sol,23873656
SRX2648836,1,Crespo & Del Sol,23873656
SRX2648837,1,Crespo & Del Sol,23873656
SRX2648838,1,Crespo & Del Sol,23873656
SRX2648839,1,Crespo & Del Sol,23873656
SRX2648840,1,Crespo & Del Sol,23873656
SRX2648841,1,Crespo & Del Sol,23873656
SRX2648842,1,Crespo & Del Sol,23873656
SRX2648843,1,Crespo & Del Sol,23873656
SRX2648844,1,Crespo & Del Sol,23873656
SRX2648845,1,Crespo & Del Sol,23873656
SRX2648846,1,Crespo & Del Sol,23873656
SRX2648847,1,Crespo & Del Sol,23873656
SRX2648848,1,Crespo & Del Sol,23873656
SRX2648849,1,Crespo & Del Sol,23873656
SRX2648850,1,Crespo & Del Sol,23873656
SRX2648851,1,Crespo & Del Sol,23873656
SRX2648852,1,Crespo & Del Sol,23873656
SRX2648853,1,Crespo & Del Sol,23873656
SRX2648854,1,Crespo & Del Sol,23873656
SRX2648855,1,Crespo & Del Sol,23873656
SRX2648856,1,Crespo & Del Sol,23873656
SRX2648857,1,Crespo & Del Sol,23873656
SRX2648858,1,Crespo & Del Sol,23873656
SRX2648859,1,Crespo & Del Sol,23873656
SRX2648860,1,Crespo & Del Sol,23873656
SRX2648861,1,Crespo & Del Sol,23873656
SRX2648862,1,Crespo & Del Sol,23873656
SRX2648863,1,Crespo & Del Sol,23873656
SRX2648864,1,Crespo & Del Sol,23873656
SRX2648865,1,Crespo & Del Sol,23873656
SRX2648866,1,Crespo & Del Sol,23873656
SRX2648867,1,Crespo & Del Sol,23873656
SRX2648868,1,Crespo & Del Sol,23873656
SRX2648869,1,Crespo & Del Sol,23873656
SRX2648870,1,Crespo & Del Sol,23873656
SRX2648871,1,Crespo & Del Sol,23873656
SRX2648872,1,Crespo & Del Sol,23873656
SRX2648873,1,Crespo & Del Sol,23873656
SRX2648874,1,Crespo & Del Sol,23873656
SRX2648875,1,Crespo & Del Sol,23873656
SRX2648876,1,Crespo & Del Sol,23873656
SRX2648877,1,Crespo & Del Sol,23873656
SRX2648878,1,Crespo & Del Sol,23873656
SRX2648879,1,Crespo & Del Sol,23873656
SRX2648880,1,Crespo & Del Sol,23873656
SRX2648881,1,Crespo & Del Sol,23873656
SRX2648882,1,Crespo & Del Sol,23873656
SRX2648883,1,Crespo & Del Sol,23873656
SRX2648884,1,Crespo & Del Sol,23873656
SRX2648885,1,Crespo & Del Sol,23873656
SRX2648886,1,Crespo & Del Sol,23873656
SRX2648887,1,Crespo & Del Sol,23873656
SRX2648888,1,Crespo & Del Sol,23873656
SRX2648889,1,Crespo & Del Sol,23873656
SRX2648890,1,Crespo & Del Sol,23873656
SRX2648891,1,Crespo & Del Sol,23873656
SRX2648892,1,Crespo & Del Sol,23873656
SRX2648893,1,Crespo & Del Sol,23873656
SRX2648894,1,Crespo & Del Sol,23873656
SRX2648895,1,Crespo & Del Sol,23873656
SRX2648896,1,Crespo & Del Sol,23873656
SRX2648897,1,Crespo & Del Sol,23873656
SRX2648898,1,Crespo & Del Sol,23873656
SRX2648899,1,Crespo & Del Sol,23873656
SRX2648900,1,Crespo & Del Sol,23873656
SRX2648901,1,Crespo & Del Sol,23873656
SRX2648902,1,Crespo & Del Sol,23873656
SRX2648903,1,Crespo & Del Sol,23873656
SRX2648904,1,Crespo & Del Sol,23873656
SRX2648905,1,Crespo & Del Sol,23873656
SRX2648906,1,Crespo & Del Sol,23873656
SRX2648907,1,Crespo & Del Sol,23873656
SRX2648908,1,Crespo & Del Sol,23873656
SRX2648909,1,Crespo & Del Sol,23873656
SRX2648910,1,Crespo & Del Sol,23873656
SRX2648911,1,Crespo & Del Sol,23873656
SRX2648912,1,Crespo & Del Sol,23873656
SRX2648913,1,Crespo & Del Sol,23873656
SRX2648914,1,Crespo & Del Sol,23873656
SRX2648915,1,Crespo & Del Sol,23873656
SRX2648916,1,Crespo & Del Sol,23873656
SRX2648917,1,Crespo & Del Sol,23873656
SRX2648918,1,Crespo & Del Sol,23873656
SRX2648919,1,Crespo & Del Sol,23873656
SRX2648920,1,Crespo & Del Sol,23873656
SRX2648921,1,Crespo & Del Sol,23873656
SRX2648922,1,Crespo & Del Sol,23873656
SRX2648923,1,Crespo & Del Sol,23873656
SRX2648924,1,Crespo & Del Sol,23873656
SRX2648925,1,Crespo & Del Sol,23873656
SRX2648926,1,Crespo & Del Sol,23873656
SRX2648927,1,Crespo & Del Sol,23873656
SRX2648928,1,Crespo & Del Sol,23873656
SRX2648929,1,Crespo & Del Sol,23873656
SRX2648930,1,Crespo & Del Sol,23873656
SRX2648931,1,Crespo & Del Sol,23873656
SRX2648932,1,Crespo & Del Sol,23873656
SRX2648933,1,Crespo & Del Sol,23873656
SRX2648934,1,Crespo & Del Sol,23873656
SRX2648935,1,Crespo & Del Sol,23873656
SRX2648936,1,Crespo & Del Sol,23873656
SRX2648937,1,Crespo & Del Sol,23873656
SRX2648938,1,Crespo & Del Sol,23873656
SRX2648939,1,Crespo & Del Sol,23873656
SRX2648940,1,Crespo & Del Sol,23873656
SRX2648941,1,Crespo & Del Sol,23873656
SRX2648942,1,Crespo & Del Sol,23873656
SRX2648943,1,Crespo & Del Sol,23873656
SRX2648944,1,Crespo & Del Sol,23873656
SRX2648945,1,Crespo & Del Sol,23873656
SRX2648946,1,Crespo & Del Sol,23873656
SRX2648947,1,Crespo & Del Sol,23873656
SRX2648948,1,Crespo & Del Sol,23873656
SRX2648949,1,Crespo & Del Sol,23873656
SRX2648950,1,Crespo & Del Sol,23873656
SRX2648951,1,Crespo & Del Sol,23873656
SRX2648952,1,Crespo & Del Sol,23873656
SRX2648953,1,Crespo & Del Sol,23873656
SRX2648954,1,Crespo & Del Sol,23873656
SRX2648955,1,Crespo & Del Sol,23873656
SRX2648956,1,Crespo & Del Sol,23873656
SRX2648957,1,Crespo & Del Sol,23873656
SRX2648958,1,Crespo & Del Sol,23873656
SRX2648959,1,Crespo & Del Sol,23873656
SRX2648960,1,Crespo & Del Sol,23873656
SRX2648961,1,Crespo & Del Sol,23873656
SRX2648962,1,Crespo & Del Sol,23873656
SRX2648963,1,Crespo & Del Sol,23873656
SRX2648964,1,Crespo & Del Sol,23873656
SRX2648965,1,Crespo & Del Sol,23873656
SRX2648966,1,Crespo & Del Sol,23873656
SRX2648967,1,Crespo & Del Sol,23873656
SRX2648968,1,Crespo & Del Sol,23873656
SRX2648969,1,Crespo & Del Sol,23873656
SRX2648970,1,Crespo & Del Sol,23873656
SRX2648971,1,Crespo & Del Sol,23873656
SRX2648972,1,Crespo & Del Sol,23873656
SRX2648973,1,Crespo & Del Sol,23873656
SRX2648974,1,Crespo & Del Sol,23873656
SRX2648975,1,Crespo & Del Sol,23873656
SRX2648976,1,Crespo & Del Sol,23873656
SRX2648977,1,Crespo & Del Sol,23873656
SRX2648978,1,Crespo & Del Sol,23873656
SRX2648979,1,Crespo & Del Sol,23873656
SRX2648980,1,Crespo & Del Sol,23873656
SRX2648981,1,Crespo & Del Sol,23873656
SRX2648982,1,Crespo & Del Sol,23873656
SRX2648983,1,Crespo & Del Sol,23873656
SRX2648984,1,Crespo & Del Sol,23873656
SRX2648985,1,Crespo & Del Sol,23873656
SRX2648986,1,Crespo & Del Sol,23873656
SRX2648987,1,Crespo & Del Sol,23873656
SRX2648988,1,Crespo & Del Sol,23873656
SRX2648989,1,Crespo & Del Sol,23873656
SRX2648990,1,Crespo & Del Sol,23873656
SRX2648991,1,Crespo & Del Sol,23873656
SRX2648992,1,Crespo & Del Sol,23873656
SRX2648993,1,Crespo & Del Sol,23873656
SRX2648994,1,Crespo & Del Sol,23873656
SRX2648995,1,Crespo & Del Sol,23873656
SRX2648996,1,Crespo & Del Sol,23873656
SRX2648997,1,Crespo & Del Sol,23873656
SRX2648998,1,Crespo & Del Sol,23873656
SRX2648999,1,Crespo & Del Sol,23873656
SRX2649000,1,Crespo & Del Sol,23873656
SRX2649001,1,Crespo & Del Sol,23873656
SRX2649002,1,Crespo & Del Sol,23873656
SRX2649003,1,Crespo & Del Sol,23873656
SRX2649004,1,Crespo & Del Sol,23873656
SRX2649005,1,Crespo & Del Sol,23873656
SRX2649006,1,Crespo & Del Sol,23873656
SRX2649007,1,Crespo & Del Sol,23873656
SRX2649008,1,Crespo & Del Sol,23873656
SRX2649009,1,Crespo & Del Sol,23873656
SRX2649010,1,Crespo & Del Sol,23873656
SRX2649011,1,Crespo & Del Sol,23873656
SRX2649012,1,Crespo & Del Sol,23873656
SRX2649013,1,Crespo & Del Sol,23873656
SRX2649014,1,Crespo & Del Sol,23873656
SRX2649015,1,Crespo & Del Sol,23873656
SRX2649016,1,Crespo & Del Sol,23873656
SRX2649017,1,Crespo & Del Sol,23873656
SRX2649018,1,Crespo & Del Sol,23873656
SRX2649019,1,Crespo & Del Sol,23873656
SRX2649020,1,Crespo & Del Sol,23873656
SRX2649021,1,Crespo & Del Sol,23873656
SRX2649022,1,Crespo & Del Sol,23873656
SRX2649023,1,Crespo & Del Sol,23873656
SRX2649024,1,Crespo & Del Sol,23873656
SRX2649025,1,Crespo & Del Sol,23873656
SRX2649026,1,Crespo & Del Sol,23873656
SRX2649027,1,Crespo & Del Sol,23873656
SRX2649028,1,Crespo & Del Sol,23873656
SRX2649029,1,Crespo & Del Sol,23873656
SRX2649030,1,Crespo & Del Sol,23873656
SRX2649031,1,Crespo & Del Sol,23873656
SRX2649032,1,Crespo & Del Sol,23873656
SRX2649033,1,Crespo & Del Sol,23873656
SRX2649034,1,Crespo & Del Sol,23873656
SRX2649035,1,Crespo & Del Sol,23873656
SRX2649036,1,Crespo & Del Sol,23873656
SRX2649037,1,Crespo & Del Sol,23873656
SRX2649038,1,Crespo & Del Sol,23873656
SRX2649039,1,Crespo & Del Sol,23873656
SRX2649040,1,Crespo & Del Sol,23873656
SRX2649041,1,Crespo & Del Sol,23873656
SRX2649042,1,Crespo & Del Sol,23873656
SRX2649043,1,Crespo & Del Sol,23873656
SRX2649044,1,Crespo & Del Sol,23873656
SRX2649045,1,Crespo & Del Sol,23873656
SRX2649046,1,Crespo & Del Sol,23873656
SRX2649047,1,Crespo & Del Sol,23873656
SRX2649048,1,Crespo & Del Sol,23873656
SRX2649049,1,Crespo & Del Sol,23873656
SRX2649050,1,Crespo & Del Sol,23873656
SRX2649051,1,Crespo & Del Sol,23873656
SRX2649052,1,Crespo & Del Sol,23873656
SRX2649053,1,Crespo & Del Sol,23873656
SRX2649054,1,Crespo & Del Sol,23873656
SRX2649055,1,Crespo & Del Sol,23873656
SRX2649056,1,Crespo & Del Sol,23873656
SRX2649057,1,Crespo & Del Sol,23873656
SRX2649058,1,Crespo & Del Sol,23873656
SRX2649059,1,Crespo & Del Sol,23873656
SRX2649060,1,Crespo & Del Sol,23873656
SRX2649061,1,Crespo & Del Sol,23873656
SRX2649062,1,Crespo & Del Sol,23873656
SRX2649063,1,Crespo & Del Sol,23873656
SRX2649064,1,Crespo & Del Sol,23873656
SRX2649065,1,Crespo & Del Sol,23873656
SRX2649066,1,Crespo & Del Sol,23873656
SRX2649067,1,Crespo & Del Sol,23873656
SRX2649068,1,Crespo & Del Sol,23873656
SRX2649069,1,Crespo & Del Sol,23873656
SRX2649070,1,Crespo & Del Sol,23873656
SRX2649071,1,Crespo & Del Sol,23873656
SRX2649072,1,Crespo & Del Sol,23873656
SRX2649073,1,Crespo & Del Sol,23873656
SRX2649074,1,Crespo & Del Sol,23873656
SRX2649075,1,Crespo & Del Sol,23873656
SRX2649076,1,Crespo & Del Sol,23873656
SRX2649077,1,Crespo & Del Sol,23873656
SRX2649078,1,Crespo & Del Sol,23873656
SRX2649079,1,Crespo & Del Sol,23873656
SRX2649080,1,Crespo & Del Sol,23873656
SRX2649081,1,Crespo & Del Sol,23873656
SRX2649082,1,Crespo & Del Sol,23873656
SRX2649083,1,Crespo & Del Sol,23873656
SRX2649084,1,Crespo & Del Sol,23873656
SRX2649085,1,Crespo & Del Sol,23873656
SRX2649086,1,Crespo & Del Sol,23873656
SRX2649087,1,Crespo & Del Sol,23873656
SRX2649088,1,Crespo & Del Sol,23873656
SRX2649089,1,Crespo & Del Sol,23873656
SRX2649090,1,Crespo & Del Sol,23873656
SRX2649091,1,Crespo & Del Sol,23873656
SRX2649092,1,Crespo & Del Sol,23873656
SRX2649093,1,Crespo & Del Sol,23873656
SRX2649094,1,Crespo & Del Sol,23873656
SRX2649095,1,Crespo & Del Sol,23873656
SRX2649096,1,Crespo & Del Sol,23873656
SRX2649097,1,Crespo & Del Sol,23873656
SRX2649098,1,Crespo & Del Sol,23873656
SRX2649099,1,Crespo & Del Sol,23873656
SRX2649100,1,Crespo & Del Sol,23873656
SRX2649101,1,Crespo & Del Sol,23873656
SRX2649102,1,Crespo & Del Sol,23873656
SRX2649103,1,Crespo & Del Sol,23873656
SRX2649104,1,Crespo & Del Sol,23873656
SRX2649105,1,Crespo & Del Sol,23873656
SRX2649106,1,Crespo & Del Sol,23873656
SRX2649107,1,Crespo & Del Sol,23873656
SRX2649108,1,Crespo & Del Sol,23873656
SRX2649109,1,Crespo & Del Sol,23873656
SRX2649110,1,Crespo & Del Sol,23873656
SRX2649111,1,Crespo & Del Sol,23873656
SRX2649112,1,Crespo & Del Sol,23873656
SRX2649113,1,Crespo & Del Sol,23873656
SRX2649114,1,Crespo & Del Sol,23873656
SRX2649115,1,Crespo & Del Sol,23873656
SRX2649116,1,Crespo & Del Sol,23873656
SRX2649117,1,Crespo & Del Sol,23873656
SRX2649118,1,Crespo & Del Sol,23873656
SRX2649119,1,Crespo & Del Sol,23873656
SRX2649120,1,Crespo & Del Sol,23873656
SRX2649121,1,Crespo & Del Sol,23873656
SRX2649122,1,Crespo & Del Sol,23873656
SRX2649123,1,Crespo & Del Sol,23873656
SRX2649124,1,Crespo & Del Sol,23873656
SRX2649125,1,Crespo & Del Sol,23873656
SRX2649126,1,Crespo & Del Sol,23873656
SRX2649127,1,Crespo & Del Sol,23873656
SRX2649128,1,Crespo & Del Sol,23873656
SRX2649129,1,Crespo & Del Sol,23873656
SRX2649130,1,Crespo & Del Sol,23873656
SRX2649131,1,Crespo & Del Sol,23873656
SRX2649132,1,Crespo & Del Sol,23873656
SRX2649133,1,Crespo & Del Sol,23873656
SRX2649134,1,Crespo & Del Sol,23873656
SRX2649135,1,Crespo & Del Sol,23873656
SRX2649136,1,Crespo & Del Sol,23873656
SRX2649137,1,Crespo & Del Sol,23873656
SRX2649138,1,Crespo & Del Sol,23873656
SRX2649139,1,Crespo & Del Sol,23873656
SRX2649140,1,Crespo & Del Sol,23873656
SRX2649141,1,Crespo & Del Sol,23873656
SRX2649142,1,Crespo & Del Sol,23873656
SRX2649143,1,Crespo & Del Sol,23873656
SRX2649144,1,Crespo & Del Sol,23873656
SRX2649145,1,Crespo & Del Sol,23873656
SRX2649146,1,Crespo & Del Sol,23873656
SRX2649147,1,Crespo & Del Sol,23873656
SRX2649148,1,Crespo & Del Sol,23873656
SRX2649149,1,Crespo & Del Sol,23873656
SRX2649150,1,Crespo & Del Sol,23873656
SRX2649151,1,Crespo & Del Sol,23873656
SRX2649152,1,Crespo & Del Sol,23873656
SRX2649153,1,Crespo & Del Sol,23873656
SRX2649154,1,Crespo & Del Sol,23873656
SRX2649155,1,Crespo & Del Sol,23873656
SRX2649156,1,Crespo & Del Sol,23873656
SRX2649157,1,Crespo & Del Sol,23873656
SRX2649158,1,Crespo & Del Sol,23873656
SRX2649159,1,Crespo & Del Sol,23873656
SRX2649160,1,Crespo & Del Sol,23873656
SRX2649161,1,Crespo & Del Sol,23873656
SRX2649162,1,Crespo & Del Sol,23873656
SRX2649163,1,Crespo & Del Sol,23873656
SRX2649164,1,Crespo & Del Sol,23873656
SRX2649165,1,Crespo & Del Sol,23873656
SRX2649166,1,Crespo & Del Sol,23873656
SRX2649167,1,Crespo & Del Sol,23873656
SRX2649168,1,Crespo & Del Sol,23873656
SRX2649169,1,Crespo & Del Sol,23873656
SRX2649170,1,Crespo & Del Sol,23873656
SRX2649171,1,Crespo & Del Sol,23873656
SRX2649172,1,Crespo & Del Sol,23873656
SRX2649173,1,Crespo & Del Sol,23873656
SRX2649174,1,Crespo & Del Sol,23873656
SRX2649175,1,Crespo & Del Sol,23873656
SRX2649176,1,Crespo & Del Sol,23873656
SRX2649177,1,Crespo & Del Sol,23873656
SRX2649178,1,Crespo & Del Sol,23873656
SRX2649179,1,Crespo & Del Sol,23873656
SRX2649180,1,Crespo & Del Sol,23873656
SRX2649181,1,Crespo & Del Sol,23873656
SRX2649182,1,Crespo & Del Sol,23873656
SRX2649183,1,Crespo & Del Sol,23873656
SRX2649184,1,Crespo & Del Sol,23873656
SRX2649185,1,Crespo & Del Sol,23873656
SRX2649186,1,Crespo & Del Sol,23873656
SRX2649187,1,Crespo & Del Sol,23873656
SRX2649188,1,Crespo & Del Sol,23873656
SRX2649189,1,Crespo & Del Sol,23873656
SRX2649190,1,Crespo & Del Sol,23873656
SRX2649191,1,Crespo & Del Sol,23873656
SRX2649192,1,Crespo & Del Sol,23873656
SRX2649193,1,Crespo & Del Sol,23873656
SRX2649194,1,Crespo & Del Sol,23873656
SRX2649195,1,Crespo & Del Sol,23873656
SRX2649196,1,Crespo & Del Sol,23873656
SRX2649197,1,Crespo & Del Sol,23873656
SRX2649198,1,Crespo & Del Sol,23873656
SRX2649199,1,Crespo & Del Sol,23873656
SRX2649200,1,Crespo & Del Sol,23873656
SRX2649201,1,Crespo & Del Sol,23873656
SRX2649202,1,Crespo & Del Sol,23873656
SRX2649203,1,Crespo & Del Sol,23873656
SRX2649204,1,Crespo & Del Sol,23873656
SRX2649205,1,Crespo & Del Sol,23873656
SRX2649206,1,Crespo & Del Sol,23873656
SRX2649207,1,Crespo & Del Sol,23873656
SRX2649208,1,Crespo & Del Sol,23873656
SRX2649209,1,Crespo & Del Sol,23873656
SRX2649210,1,Crespo & Del Sol,23873656
SRX2649211,1,Crespo & Del Sol,23873656
SRX2649212,1,Crespo & Del Sol,23873656
SRX2649213,1,Crespo & Del Sol,23873656
SRX2649214,1,Crespo & Del Sol,23873656
SRX2649215,1,Crespo & Del Sol,23873656
SRX2649216,1,Crespo & Del Sol,23873656
SRX2649217,1,Crespo & Del Sol,23873656
SRX2649218,1,Crespo & Del Sol,23873656
SRX2649219,1,Crespo & Del Sol,23873656
SRX2649220,1,Crespo & Del Sol,23873656
SRX2649221,1,Crespo & Del Sol,23873656
SRX2649222,1,Crespo & Del Sol,23873656
SRX2649223,1,Crespo & Del Sol,23873656
SRX2649224,1,Crespo & Del Sol,23873656
SRX2649225,1,Crespo & Del Sol,23873656
SRX2649226,1,Crespo & Del Sol,23873656
SRX2649227,1,Crespo & Del Sol,23873656
SRX2649228,1,Crespo & Del Sol,23873656
SRX2649229,1,Crespo & Del Sol,23873656
SRX2649230,1,Crespo & Del Sol,23873656
SRX2649231,1,Crespo & Del Sol,23873656
SRX2649232,1,Crespo & Del Sol,23873656
SRX2649233,1,Crespo & Del Sol,23873656
SRX2649234,1,Crespo & Del Sol,23873656
SRX2649235,1,Crespo & Del Sol,23873656
SRX2649236,1,Crespo & Del Sol,23873656
SRX2649237,1,Crespo & Del Sol,23873656
SRX2649238,1,Crespo & Del Sol,23873656
SRX2649239,1,Crespo & Del Sol,23873656
SRX2649240,1,Crespo & Del Sol,23873656
SRX2649241,1,Crespo & Del Sol,23873656
SRX2649242,1,Crespo & Del Sol,23873656
SRX2649243,1,Crespo & Del Sol,23873656
SRX2649244,1,Crespo & Del Sol,23873656
SRX2649245,1,Crespo & Del Sol,23873656
SRX2649246,1,Crespo & Del Sol,23873656
SRX2649247,1,Crespo & Del Sol,23873656
SRX2649248,1,Crespo & Del Sol,23873656
SRX2649249,1,Crespo & Del Sol,23873656
SRX2649250,1,Crespo & Del Sol,23873656
SRX2649251,1,Crespo & Del Sol,23873656
SRX2649252,1,Crespo & Del Sol,23873656
SRX2649253,1,Crespo & Del Sol,23873656
SRX2649254,1,Crespo & Del Sol,23873656
SRX2649255,1,Crespo & Del Sol,23873656
SRX2649256,1,Crespo & Del Sol,23873656
SRX2649257,1,Crespo & Del Sol,23873656
SRX2649258,1,Crespo & Del Sol,23873656
SRX2649259,1,Crespo & Del Sol,23873656
SRX2649260,1,Crespo & Del Sol,23873656
SRX2649261,1,Crespo & Del Sol,23873656
SRX2649262,1,Crespo & Del Sol,23873656
SRX2649263,1,Crespo & Del Sol,23873656
SRX2649264,1,Crespo & Del Sol,23873656
SRX2649265,1,Crespo & Del Sol,23873656
SRX2649266,1,Crespo & Del Sol,23873656
SRX2649267,1,Crespo & Del Sol,23873656
SRX2649268,1,Crespo & Del Sol,23873656
SRX2649269,1,Crespo & Del Sol,23873656
SRX2649270,1,Crespo & Del Sol,23873656
SRX2649271,1,Crespo & Del Sol,23873656
SRX2649272,1,Crespo & Del Sol,23873656
SRX2649273,1,Crespo & Del Sol,23873656
SRX2649274,1,Crespo & Del Sol,23873656
SRX2649275,1,Crespo & Del Sol,23873656
SRX2649276,1,Crespo & Del Sol,23873656
SRX2649277,1,Crespo & Del Sol,23873656
SRX2649278,1,Crespo & Del Sol,23873656
SRX2649279,1,Crespo & Del Sol,23873656
SRX2649280,1,Crespo & Del Sol,23873656
SRX2649281,1,Crespo & Del Sol,23873656
SRX2649282,1,Crespo & Del Sol,23873656
SRX2649283,1,Crespo & Del Sol,23873656
SRX2649284,1,Crespo & Del Sol,23873656
SRX2649285,1,Crespo & Del Sol,23873656
SRX2649286,1,Crespo & Del Sol,23873656
SRX2649287,1,Crespo & Del Sol,23873656
SRX2649288,1,Crespo & Del Sol,23873656
SRX2649289,1,Crespo & Del Sol,23873656
SRX2649290,1,Crespo & Del Sol,23873656
SRX2649291,1,Crespo & Del Sol,23873656
SRX2649292,1,Crespo & Del Sol,23873656
SRX2649293,1,Crespo & Del Sol,23873656
SRX2649294,1,Crespo & Del Sol,23873656
SRX2649295,1,Crespo & Del Sol,23873656
SRX2649296,1,Crespo & Del Sol,23873656
SRX2649297,1,Crespo & Del Sol,23873656
SRX2649298,1,Crespo & Del Sol,23873656
SRX2649299,1,Crespo & Del Sol,23873656
SRX2649300,1,Crespo & Del Sol,23873656
SRX2649301,1,Crespo & Del Sol,23873656
SRX2649302,1,Crespo & Del Sol,23873656
SRX2649303,1,Crespo & Del Sol,23873656
SRX2649304,1,Crespo & Del Sol,23873656
SRX2649305,1,Crespo & Del Sol,23873656
SRX2649306,1,Crespo & Del Sol,23873656
SRX2649307,1,Crespo & Del Sol,23873656
SRX2649308,1,Crespo & Del Sol,23873656
SRX2649309,1,Crespo & Del Sol,23873656
SRX2649310,1,Crespo & Del Sol,23873656
SRX2649311,1,Crespo & Del Sol,23873656
SRX2649312,1,Crespo & Del Sol,23873656
SRX2649313,1,Crespo & Del Sol,23873656
SRX2649314,1,Crespo & Del Sol,23873656
SRX2649315,1,Crespo & Del Sol,23873656
SRX2649316,1,Crespo & Del Sol,23873656
SRX2649317,1,Crespo & Del Sol,23873656
SRX2649318,1,Crespo & Del Sol,23873656
SRX2649319,1,Crespo & Del Sol,23873656
SRX2649320,1,Crespo & Del Sol,23873656
SRX2649321,1,Crespo & Del Sol,23873656
SRX2649322,1,Crespo & Del Sol,23873656
SRX2649323,1,Crespo & Del Sol,23873656
SRX2649324,1,Crespo & Del Sol,23873656
SRX2649325,1,Crespo & Del Sol,23873656
SRX2649326,1,Crespo & Del Sol,23873656
SRX2649327,1,Crespo & Del Sol,23873656
SRX2649328,1,Crespo & Del Sol,23873656
SRX2649329,1,Crespo & Del Sol,23873656
SRX2649330,1,Crespo & Del Sol,23873656
SRX2649331,1,Crespo & Del Sol,23873656
SRX2649332,1,Crespo & Del Sol,23873656
SRX2649333,1,Crespo & Del Sol,23873656
SRX2649334,1,Crespo & Del Sol,23873656
SRX2649335,1,Crespo & Del Sol,23873656
SRX2649336,1,Crespo & Del Sol,23873656
SRX2649337,1,Crespo & Del Sol,23873656
SRX2649338,1,Crespo & Del Sol,23873656
SRX26920840,1,Crespo & Del Sol,23873656
SRX26920841,1,Crespo & Del Sol,23873656
SRX2819223,1,Crespo & Del Sol,23873656
SRX2819224,1,Crespo & Del Sol,23873656
SRX2819225,1,Crespo & Del Sol,23873656
SRX2819226,1,Crespo & Del Sol,23873656
SRX2819227,1,Crespo & Del Sol,23873656
SRX2819228,1,Crespo & Del Sol,23873656
SRX2819229,1,Crespo & Del Sol,23873656
SRX2819230,1,Crespo & Del Sol,23873656
SRX2819231,1,Crespo & Del Sol,23873656
SRX2819232,1,Crespo & Del Sol,23873656
SRX2819233,1,Crespo & Del Sol,23873656
SRX2819234,1,Crespo & Del Sol,23873656
SRX2819235,1,Crespo & Del Sol,23873656
SRX2819236,1,Crespo & Del Sol,23873656
SRX2819237,1,Crespo & Del Sol,23873656
SRX2819238,1,Crespo & Del Sol,23873656
SRX2819239,1,Crespo & Del Sol,23873656
SRX2819240,1,Crespo & Del Sol,23873656
SRX2819241,1,Crespo & Del Sol,23873656
SRX2819242,1,Crespo & Del Sol,23873656
SRX2819243,1,Crespo & Del Sol,23873656
SRX2819244,1,Crespo & Del Sol,23873656
SRX2819245,1,Crespo & Del Sol,23873656
SRX2819246,1,Crespo & Del Sol,23873656
SRX2819247,1,Crespo & Del Sol,23873656
SRX2819248,1,Crespo & Del Sol,23873656
SRX2819249,1,Crespo & Del Sol,23873656
SRX2819250,1,Crespo & Del Sol,23873656
SRX2819251,1,Crespo & Del Sol,23873656
SRX2819252,1,Crespo & Del Sol,23873656
SRX2819253,1,Crespo & Del Sol,23873656
SRX2819254,1,Crespo & Del Sol,23873656
SRX2819255,1,Crespo & Del Sol,23873656
SRX2819256,1,Crespo & Del Sol,23873656
SRX2819257,1,Crespo & Del Sol,23873656
SRX2819258,1,Crespo & Del Sol,23873656
SRX2819259,1,Crespo & Del Sol,23873656
SRX2819260,1,Crespo & Del Sol,23873656
SRX2819261,1,Crespo & Del Sol,23873656
SRX2819262,1,Crespo & Del Sol,23873656
SRX2819263,1,Crespo & Del Sol,23873656
SRX2819264,1,Crespo & Del Sol,23873656
SRX2819265,1,Crespo & Del Sol,23873656
SRX2819266,1,Crespo & Del Sol,23873656
SRX2819267,1,Crespo & Del Sol,23873656
SRX2819268,1,Crespo & Del Sol,23873656
SRX2819269,1,Crespo & Del Sol,23873656
SRX2819270,1,Crespo & Del Sol,23873656
SRX2819271,1,Crespo & Del Sol,23873656
SRX2819272,1,Crespo & Del Sol,23873656
SRX2819273,1,Crespo & Del Sol,23873656
SRX2819274,1,Crespo & Del Sol,23873656
SRX2819275,1,Crespo & Del Sol,23873656
SRX2819276,1,Crespo & Del Sol,23873656
SRX2819277,1,Crespo & Del Sol,23873656
SRX2819278,1,Crespo & Del Sol,23873656
SRX2819279,1,Crespo & Del Sol,23873656
SRX2819280,1,Crespo & Del Sol,23873656
SRX2819281,1,Crespo & Del Sol,23873656
SRX2819282,1,Crespo & Del Sol,23873656
SRX2819283,1,Crespo & Del Sol,23873656
SRX2819284,1,Crespo & Del Sol,23873656
SRX2819285,1,Crespo & Del Sol,23873656
SRX2819286,1,Crespo & Del Sol,23873656
SRX2819287,1,Crespo & Del Sol,23873656
SRX2819288,1,Crespo & Del Sol,23873656
SRX2819289,1,Crespo & Del Sol,23873656
SRX2819290,1,Crespo & Del Sol,23873656
SRX2819291,1,Crespo & Del Sol,23873656
SRX2819292,1,Crespo & Del Sol,23873656
SRX2819293,1,Crespo & Del Sol,23873656
SRX2819294,1,Crespo & Del Sol,23873656
SRX2819295,1,Crespo & Del Sol,23873656
SRX2819296,1,Crespo & Del Sol,23873656
SRX2819297,1,Crespo & Del Sol,23873656
SRX2819298,1,Crespo & Del Sol,23873656
SRX2819299,1,Crespo & Del Sol,23873656
SRX2819300,1,Crespo & Del Sol,23873656
SRX2819301,1,Crespo & Del Sol,23873656
SRX2819302,1,Crespo & Del Sol,23873656
SRX2819303,1,Crespo & Del Sol,23873656
SRX2819304,1,Crespo & Del Sol,23873656
SRX2819305,1,Crespo & Del Sol,23873656
SRX2819306,1,Crespo & Del Sol,23873656
SRX2819307,1,Crespo & Del Sol,23873656
SRX2819308,1,Crespo & Del Sol,23873656
SRX2819309,1,Crespo & Del Sol,23873656
SRX2819310,1,Crespo & Del Sol,23873656
SRX2819311,1,Crespo & Del Sol,23873656
SRX2819312,1,Crespo & Del Sol,23873656
SRX2819313,1,Crespo & Del Sol,23873656
SRX2819314,1,Crespo & Del Sol,23873656
SRX2819315,1,Crespo & Del Sol,23873656
SRX2819316,1,Crespo & Del Sol,23873656
SRX2819317,1,Crespo & Del Sol,23873656
SRX2819318,1,Crespo & Del Sol,23873656
SRX2819319,1,Crespo & Del Sol,23873656
SRX2819320,1,Crespo & Del Sol,23873656
SRX2819321,1,Crespo & Del Sol,23873656
SRX2819322,1,Crespo & Del Sol,23873656
SRX2819323,1,Crespo & Del Sol,23873656
SRX2819324,1,Crespo & Del Sol,23873656
SRX2819325,1,Crespo & Del Sol,23873656
SRX2819326,1,Crespo & Del Sol,23873656
SRX2819327,1,Crespo & Del Sol,23873656
SRX2819328,1,Crespo & Del Sol,23873656
SRX2819329,1,Crespo & Del Sol,23873656
SRX2819330,1,Crespo & Del Sol,23873656
SRX2819331,1,Crespo & Del Sol,23873656
SRX2819332,1,Crespo & Del Sol,23873656
SRX2819333,1,Crespo & Del Sol,23873656
SRX2819334,1,Crespo & Del Sol,23873656
SRX2819335,1,Crespo & Del Sol,23873656
SRX2819336,1,Crespo & Del Sol,23873656
SRX2819337,1,Crespo & Del Sol,23873656
SRX2819338,1,Crespo & Del Sol,23873656
SRX2819339,1,Crespo & Del Sol,23873656
SRX2819340,1,Crespo & Del Sol,23873656
SRX2819341,1,Crespo & Del Sol,23873656
SRX2819342,1,Crespo & Del Sol,23873656
SRX2819343,1,Crespo & Del Sol,23873656
SRX2819344,1,Crespo & Del Sol,23873656
SRX2819345,1,Crespo & Del Sol,23873656
SRX2819346,1,Crespo & Del Sol,23873656
SRX2819347,1,Crespo & Del Sol,23873656
SRX2819348,1,Crespo & Del Sol,23873656
SRX2819349,1,Crespo & Del Sol,23873656
SRX2819350,1,Crespo & Del Sol,23873656
SRX2819351,1,Crespo & Del Sol,23873656
SRX2819352,1,Crespo & Del Sol,23873656
SRX2819353,1,Crespo & Del Sol,23873656
SRX2819354,1,Crespo & Del Sol,23873656
SRX2819355,1,Crespo & Del Sol,23873656
SRX2819356,1,Crespo & Del Sol,23873656
SRX2819357,1,Crespo & Del Sol,23873656
SRX2819358,1,Crespo & Del Sol,23873656
SRX2819359,1,Crespo & Del Sol,23873656
SRX2819360,1,Crespo & Del Sol,23873656
SRX2819361,1,Crespo & Del Sol,23873656
SRX2819362,1,Crespo & Del Sol,23873656
SRX2819363,1,Crespo & Del Sol,23873656
SRX2819364,1,Crespo & Del Sol,23873656
SRX2819365,1,Crespo & Del Sol,23873656
SRX2819366,1,Crespo & Del Sol,23873656
SRX2819367,1,Crespo & Del Sol,23873656
SRX2819368,1,Crespo & Del Sol,23873656
SRX2819369,1,Crespo & Del Sol,23873656
SRX2819370,1,Crespo & Del Sol,23873656
SRX2819371,1,Crespo & Del Sol,23873656
SRX2819372,1,Crespo & Del Sol,23873656
SRX2819373,1,Crespo & Del Sol,23873656
SRX2819374,1,Crespo & Del Sol,23873656
SRX2819375,1,Crespo & Del Sol,23873656
SRX2819376,1,Crespo & Del Sol,23873656
SRX2819377,1,Crespo & Del Sol,23873656
SRX2819378,1,Crespo & Del Sol,23873656
SRX2819379,1,Crespo & Del Sol,23873656
SRX2819380,1,Crespo & Del Sol,23873656
SRX2819381,1,Crespo & Del Sol,23873656
SRX2819382,1,Crespo & Del Sol,23873656
SRX2819383,1,Crespo & Del Sol,23873656
SRX2819384,1,Crespo & Del Sol,23873656
SRX2819385,1,Crespo & Del Sol,23873656
SRX2819386,1,Crespo & Del Sol,23873656
SRX2819387,1,Crespo & Del Sol,23873656
SRX2819388,1,Crespo & Del Sol,23873656
SRX2819389,1,Crespo & Del Sol,23873656
SRX2819390,1,Crespo & Del Sol,23873656
SRX2819391,1,Crespo & Del Sol,23873656
SRX2819392,1,Crespo & Del Sol,23873656
SRX2819393,1,Crespo & Del Sol,23873656
SRX2819394,1,Crespo & Del Sol,23873656
SRX2819395,1,Crespo & Del Sol,23873656
SRX2819396,1,Crespo & Del Sol,23873656
SRX2819397,1,Crespo & Del Sol,23873656
SRX2819398,1,Crespo & Del Sol,23873656
SRX2819399,1,Crespo & Del Sol,23873656
SRX2819400,1,Crespo & Del Sol,23873656
SRX2819401,1,Crespo & Del Sol,23873656
SRX2819402,1,Crespo & Del Sol,23873656
SRX2819403,1,Crespo & Del Sol,23873656
SRX2819404,1,Crespo & Del Sol,23873656
SRX2819405,1,Crespo & Del Sol,23873656
SRX2819406,1,Crespo & Del Sol,23873656
SRX2819407,1,Crespo & Del Sol,23873656
SRX2819408,1,Crespo & Del Sol,23873656
SRX2819409,1,Crespo & Del Sol,23873656
SRX2819410,1,Crespo & Del Sol,23873656
SRX2819411,1,Crespo & Del Sol,23873656
SRX2819412,1,Crespo & Del Sol,23873656
SRX2819413,1,Crespo & Del Sol,23873656
SRX2819414,1,Crespo & Del Sol,23873656
SRX2819415,1,Crespo & Del Sol,23873656
SRX2819416,1,Crespo & Del Sol,23873656
SRX2819417,1,Crespo & Del Sol,23873656
SRX2819418,1,Crespo & Del Sol,23873656
SRX2819419,1,Crespo & Del Sol,23873656
SRX2819420,1,Crespo & Del Sol,23873656
SRX2819421,1,Crespo & Del Sol,23873656
SRX2819422,1,Crespo & Del Sol,23873656
SRX2819423,1,Crespo & Del Sol,23873656
SRX2819424,1,Crespo & Del Sol,23873656
SRX2819425,1,Crespo & Del Sol,23873656
SRX2819426,1,Crespo & Del Sol,23873656
SRX2819427,1,Crespo & Del Sol,23873656
SRX2819428,1,Crespo & Del Sol,23873656
SRX2819429,1,Crespo & Del Sol,23873656
SRX2819430,1,Crespo & Del Sol,23873656
SRX2819431,1,Crespo & Del Sol,23873656
SRX2819432,1,Crespo & Del Sol,23873656
SRX2819433,1,Crespo & Del Sol,23873656
SRX2819434,1,Crespo & Del Sol,23873656
SRX7726263,1,Crespo & Del Sol,23873656
